rank,ticker,namn,sektor,kurs,börsvärde,förväntad_avkastning,från_analytiker,från_fundamenta,från_trend,datakällor,kvalitetspoäng,volatilitet,riskjusterad,forward_pe,vinsttillväxt_nästa_år,omsättningstillväxt_nästa_år,antal_analytiker,kombinerad
1,MU,"Micron Technology, Inc.",Technology,1074.8900146484375,1213973397504.0,0.3749159966636478,0.41411835563208865,0.3510194824217242,0.3,3,90,0.7151553426397791,0.5242441387346126,5.2488065,0.16049999,0.1407,46.0,0.9829787234042553
2,NVDA,NVIDIA Corporation,Technology,233.9499969482422,5649190617088.0,0.3752045719058324,0.40072666926556333,0.4670873272269044,0.07573781829089454,3,84,0.4397422191523245,0.8532375459174718,14.905945,0.6863,0.66019994,59.0,0.9797872340425532
3,AVGO,Broadcom Inc.,Technology,355.1400146484375,1695307005952.0,0.4104411081174931,0.496071628329358,0.45460894069962365,0.021947764719639107,3,77,0.5216948074663276,0.7867456264532301,18.321383,0.6636,0.64129996,47.0,0.9611702127659574
4,RDDT,"Reddit, Inc.",Communication Services,147.86000061035156,28447748096.0,0.33721711513044716,0.44534755253503233,0.36200508569472534,-0.08105627420148559,3,81,0.8081478517266776,0.4172715604081032,15.262982,0.3142,0.3181,33.0,0.9595744680851064
5,SNDK,Sandisk Corporation,Technology,1719.989990234375,251839234048.0,0.3008378716091048,0.2421826360215409,0.38499015313809826,0.3,3,86,1.050726495501285,0.2863141577728844,6.5278344,0.2318,0.18280001,24.0,0.9531914893617022
6,APP,AppLovin Corporation,Communication Services,268.2200012207031,90105700352.0,0.5271851571826809,0.8531260448060669,0.3517775279418498,-0.15,3,75,0.8397367394002554,0.627798132971054,12.784076,0.27719998,0.2656,31.0,0.9521276595744681
7,ALB,Albemarle Corporation,Basic Materials,104.58999633789062,12342148096.0,0.35899203124210133,0.6355675111351669,0.08528805235169767,0.07571638234282482,3,76,0.583605481626429,0.6151279289591993,9.260283,-0.0227,0.0292,20.0,0.9414893617021276
8,GOOG,Alphabet Inc.,Communication Services,340.3500061035156,4162458484736.0,0.25015113798183763,0.24088729962163935,0.3204824731297818,0.11692415050396236,3,83,0.3152678077690212,0.7934560136412949,22.582298,0.2762,0.2334,15.0,0.9042553191489362
9,APO,"Apollo Global Management, Inc.",Financial Services,114.0199966430664,67333730304.0,0.27223664631600347,0.3317839367717088,0.31773616185583053,-0.03241985812927739,3,78,0.39621752726811127,0.6870888529163608,10.656872,0.22389999,0.16780001,20.0,0.9031914893617021
10,JBL,Jabil Inc.,Technology,304.4100036621094,31898236928.0,0.3796827486090637,0.3961433424893084,0.4650753581081007,0.1255646801771617,3,72,0.4265489561788816,0.8901270138141807,13.7319,1.0318,0.16280001,9.0,0.9005319148936171
11,FIX,"Comfort Systems USA, Inc.",Industrials,1728.010009765625,60816150528.0,0.2726911902274307,0.2714046721858894,0.26282529752710293,0.3,3,77,0.5693472063777628,0.47895412003918686,28.71475,0.22799999,0.1898,8.0,0.8973404255319148
12,COF,Capital One Financial Corporation,Financial Services,194.72000122070312,119457775616.0,0.26381458240885863,0.32424583187905176,0.3000233250336764,-0.022109981949693013,3,78,0.3601861331154737,0.7324395865186768,8.168378,0.1776,0.056900002,21.0,0.8968085106382979
13,STX,Seagate Technology Holdings plc,Technology,848.989990234375,193054392320.0,0.3703790936208379,0.3251039622851486,0.46522032136646746,0.3,3,72,0.6139106766725803,0.6033110478356671,15.332644,0.5475,0.33650002,23.0,0.8962765957446808
14,FSLR,"First Solar, Inc.",Technology,174.61000061035156,18765299712.0,0.4403642772776158,0.5799286354486459,0.4584285731478722,-0.06700027365641621,3,71,0.5852307186597053,0.7524626839242778,7.521657,0.32580003,0.1729,30.0,0.8946808510638298
15,INCY,Incyte Corporation,Healthcare,115.30000305175781,23371051008.0,0.23838505947513514,0.11376120209081142,0.47617189737677207,0.09896196231906147,3,86,0.3471599948675299,0.6866720330667669,12.976227,1.6075,0.0537,24.0,0.8946808510638298
16,AMAT,"Applied Materials, Inc.",Technology,540.0399780273438,428574343168.0,0.2885350562204066,0.18314288940965873,0.4341817471873635,0.3,3,74,0.5321447076727008,0.5422116429237741,29.255379,0.4434,0.348,36.0,0.8893617021276596
17,NXPI,NXP Semiconductors N.V.,Technology,243.66000366210938,61442322432.0,0.2405287138646071,0.27679325832817625,0.2786271104302708,0.030750640332828105,3,79,0.4739335251967055,0.5075157191396746,13.465517,0.2042,0.1145,29.0,0.8824468085106383
18,SCHW,The Charles Schwab Corporation,Financial Services,96.69999694824219,167226753024.0,0.245837556990129,0.28428628665285105,0.2883450904552721,0.018490880029054857,3,78,0.2622182064765206,0.9375304647739692,12.3540535,0.2074,0.12060001,21.0,0.8819148936170214
19,FICO,Fair Isaac Corporation,Technology,661.25,14281437184.0,0.5048859205075614,0.8635336105860114,0.2731974720415879,-0.15,3,69,0.5432372197129408,0.9294022982710112,12.87043,0.19549999,0.1163,19.0,0.8781914893617022
20,MPWR,"Monolithic Power Systems, Inc.",Technology,1439.72998046875,70752649216.0,0.2685501746538209,0.27787850844155826,0.2954203055246837,0.17475875666268356,3,75,0.5836073192902957,0.46015559739791356,41.28767,0.2712,0.28149998,15.0,0.8776595744680851
21,ORCL,Oracle Corporation,Technology,142.3000030517578,431382593536.0,0.4634991768493615,0.6723411447394227,0.4280817270847146,-0.15,3,69,0.5736506013810637,0.8079816803703984,12.939669,0.3508,0.45290002,41.0,0.8760638297872341
22,MCHP,Microchip Technology Incorporated,Technology,81.31999969482422,44157468672.0,0.28634711580524935,0.3261190408841541,0.3134643632218524,0.0905004549034933,3,73,0.5424114646407368,0.5279149399891645,17.741707,0.2571,0.16209999,25.0,0.875
23,ON,ON Semiconductor Corporation,Technology,84.88999938964844,33049257984.0,0.3068236287600881,0.2282863794285135,0.45334904031760714,0.22672183289779246,3,72,0.6026153860104205,0.5091533271186383,18.74448,0.4145,0.1305,26.0,0.8728723404255319
24,BKNG,Booking Holdings Inc.,Consumer Cyclical,159.02000427246094,119484530688.0,0.3285313496355699,0.4968418035769204,0.26105449420071036,-0.07505750082092637,3,71,0.32951297072728586,0.9970209940763504,12.860992,0.1833,0.094399996,36.0,0.8680851063829788
25,ADSK,"Autodesk, Inc.",Technology,212.0,44308000768.0,0.27802173438165145,0.45066731132075466,0.19277825471698112,-0.0985620695311285,3,73,0.3401394611778537,0.8173757123589908,14.930219,0.1258,0.1102,34.0,0.8654255319148936
26,FIS,"Fidelity National Information Services, Inc.",Technology,32.439998626708984,16729499648.0,0.34405553628450997,0.5310318157383551,0.2878642604172472,-0.14808575153802747,3,70,0.30976699634508476,1.1106913917363466,4.8434534,0.08140001,0.0435,24.0,0.8654255319148936
27,FLEX,Flex Ltd.,Technology,116.61000061035156,43076079616.0,0.39437413229596424,0.37638280730574225,0.46052208183740895,0.3,3,68,0.5762699783398393,0.6843565466174485,16.522896,0.4979,0.2992,10.0,0.8595744680851063
28,DECK,Deckers Outdoor Corporation,Consumer Cyclical,79.12000274658203,10774709248.0,0.3271168133952143,0.521853966381487,0.2171458760125075,-0.06540817599937868,3,70,0.49068868613343297,0.666648371236873,9.503197,0.1116,0.0723,22.0,0.8590425531914894
29,CIEN,Ciena Corporation,Technology,391.3399963378906,55495348224.0,0.3495824077113851,0.3108568119806332,0.42615429063162436,0.3,3,69,0.6609731183897296,0.5288905070194713,33.084976,0.7647,0.3077,20.0,0.8569148936170212
30,HWM,Howmet Aerospace Inc.,Industrials,231.27000427246094,92230803456.0,0.30867661961927884,0.4334019279450263,0.23843820023321263,0.05681523710094178,3,70,0.350283311749409,0.8812198847774529,35.793274,0.21049999,0.1367,21.0,0.8537234042553192
31,EXPE,"Expedia Group, Inc.",Consumer Cyclical,265.0,31805851648.0,0.2388369208130222,0.27641509433962264,0.2585965383018868,0.06747056825033675,3,75,0.46589099361730635,0.5126454988078357,10.811216,0.16610001,0.070700005,36.0,0.8521276595744681
32,VRT,Vertiv Holdings Co,Industrials,252.17999267578125,97086308352.0,0.334237769359779,0.3392844785836009,0.3979800470554977,0.1686834239903625,3,69,0.6729653851703529,0.49666413269557813,27.52618,0.3616,0.3036,27.0,0.8494680851063829
33,EME,"EMCOR Group, Inc.",Industrials,786.6099853515625,34697289728.0,0.22384887179268498,0.31359354602928136,0.1654181839594569,0.06103822928156259,3,76,0.4277570745068111,0.5233084036091626,21.404942,0.1187,0.0987,7.0,0.8382978723404255
34,BX,Blackstone Inc.,Financial Services,111.75,133574524928.0,0.2339880286482407,0.27801503355704704,0.31100506592841165,-0.09247507470151271,3,74,0.3766842336001904,0.6211781852717354,14.991367,0.24430001,0.2449,22.0,0.8340425531914893
35,COHR,Coherent Corp.,Technology,337.0400085449219,66003300352.0,0.31156066682319034,0.22395006391360783,0.44167324247538986,0.3,3,68,0.790504009289174,0.39412914186652587,23.996212,0.491,0.3884,23.0,0.8329787234042553
36,CVNA,Carvana Co.,Consumer Cyclical,63.77000045776367,70686736384.0,0.2969468380526107,0.3064061377132623,0.43559071638243474,-0.05808654358581733,3,69,0.6673236606702628,0.44498173158487436,28.19087,0.44939998,0.2548,21.0,0.8324468085106382
37,CSGP,"CoStar Group, Inc.",Real Estate,27.3799991607666,11094309888.0,0.29064167271923375,0.3623082959567063,0.3771072135453732,-0.15,3,69,0.3896676161590863,0.7458707387184464,15.406603,0.31219998,0.113800004,20.0,0.8281914893617022
38,GEN,Gen Digital Inc.,Technology,21.989999771118164,13162928128.0,0.3298217398915264,0.48047113864724666,0.281982028855962,-0.06071693021122423,3,67,0.34351792957897775,0.9601296220426175,6.6453114,0.13149999,0.0624,9.0,0.8265957446808511
39,GNRC,Generac Holdings Inc.,Industrials,216.8000030517578,12805061632.0,0.3031067187794615,0.32524214001698315,0.3639319179966787,0.0873965164808828,3,67,0.5112965694798461,0.5928197779379177,17.113934,0.3055,0.2958,16.0,0.8159574468085107
40,BLK,"BlackRock, Inc.",Financial Services,1059.6300048828125,172164644864.0,0.18998854811391588,0.24160989584803327,0.2042922413518409,-0.015457895221633699,3,83,0.27037239930632534,0.7026920965355768,16.476572,0.1436,0.1167,17.0,0.8138297872340425
41,PODD,Insulet Corporation,Healthcare,131.69000244140625,9133254656.0,0.21594879988172083,0.3054072960207339,0.24498614820386827,-0.15,3,75,0.41389547632746954,0.5217471855403042,17.068882,0.1864,0.1376,22.0,0.8127659574468085
42,HUM,Humana Inc.,Healthcare,388.3599853515625,46634385408.0,0.22709466485039043,0.09109886698654224,0.4427241235602062,0.1772785874069809,3,73,0.4554303963588978,0.49863747932940017,23.40598,0.8124,0.0348,23.0,0.8122340425531915
43,BAC,Bank of America Corporation,Financial Services,53.75,375860232192.0,0.2186486481891967,0.26423032558139536,0.23654353488372093,0.0249549879279779,3,73,0.25186424321505596,0.8681210377389779,10.222246,0.1391,0.0525,21.0,0.7962765957446809
44,JBHT,"J.B. Hunt Transport Services, Inc.",Industrials,234.1999969482422,21994876928.0,0.29658500435202517,0.2649908789942177,0.3685935103769866,0.23387890815314016,3,66,0.37840257731476845,0.7837816709829527,23.422762,0.3259,0.095,23.0,0.7957446808510639
45,ANET,"Arista Networks, Inc.",Technology,207.35000610351562,261514952704.0,0.20309409402387701,0.168108188427458,0.2900879664667239,0.11672807697863105,3,75,0.5484137547388966,0.3703300514783249,39.859745,0.265,0.28620002,29.0,0.7946808510638298
46,C,Citigroup Inc.,Financial Services,128.5,215550623744.0,0.20750806361743762,0.20661478599221805,0.25537346303501945,0.09879972372714525,3,74,0.3102889270733858,0.6687575530800696,9.962792,0.155,0.0403,20.0,0.7904255319148936
47,UBER,"Uber Technologies, Inc.",Technology,68.11000061035156,139118772224.0,0.38992689331437225,0.4798120554513934,0.4665596822694934,-0.08850015470431417,3,63,0.3812465152372507,1.0227684129039702,15.405286,0.42520002,0.15359999,46.0,0.7882978723404255
48,OMC,Omnicom Group Inc.,Communication Services,74.1500015258789,20342753280.0,0.27958036298060834,0.37783773294115264,0.2594057958209439,-0.0008702135153221934,3,66,0.33506828179638404,0.8343981754456399,6.3610888,0.1022,-0.0348,12.0,0.7829787234042553
49,RJF,"Raymond James Financial, Inc.",Financial Services,158.2100067138672,30392141824.0,0.17873712738046604,0.1765554775346867,0.2626757372938349,-0.009847462931463491,3,82,0.2737818245967552,0.6528451172524781,11.138867,0.1729,0.1122,14.0,0.7829787234042553
50,SYK,Stryker Corporation,Healthcare,275.42999267578125,105647521792.0,0.21876705520894751,0.3353665533185084,0.17620086934824256,-0.07057683814794391,3,72,0.2591319969249616,0.8442301908100419,16.47423,0.1155,0.086899996,25.0,0.7803191489361702
51,CSCO,"Cisco Systems, Inc.",Technology,112.19999694824219,442358235136.0,0.18686213383022138,0.21354727008424557,0.14239206909865296,0.2016751640238004,3,77,0.29230506340700857,0.6392709440343585,19.957735,0.0923,0.067,25.0,0.7792553191489362
52,KKR,KKR & Co. Inc.,Financial Services,90.29000091552734,83390988288.0,0.2763140080164049,0.40151576826751567,0.2527157262699342,-0.08596253541219945,3,66,0.42030880154066114,0.6574071420906801,12.192783,0.1707,0.1192,21.0,0.7787234042553192
53,NEM,Newmont Corporation,Basic Materials,115.55999755859375,121764675584.0,0.18291790606312627,0.19191850908581953,0.20253875961023804,0.10713390437755473,3,77,0.44543140060136416,0.41065337067879376,11.294488,0.11399999,0.0877,21.0,0.772872340425532
54,LLY,Eli Lilly and Company,Healthcare,1142.8499755859375,1019126611968.0,0.21444217292853385,0.16273677944360876,0.3296436549124476,0.11799002658248534,3,72,0.37950355419373855,0.5650597222577262,24.139105,0.288,0.1543,29.0,0.7707446808510638
55,GS,"The Goldman Sachs Group, Inc.",Financial Services,902.5599975585938,262799654912.0,0.17726001973689745,0.23731386613719407,0.1453731698700724,0.05148318142516717,3,79,0.3270120956473623,0.5420595204161747,12.35921,0.0643,0.022,20.0,0.7686170212765957
56,INTU,Intuit Inc.,Technology,281.0799865722656,75114692608.0,0.27849704547052045,0.44300561895651125,0.22712638854932815,-0.15,3,65,0.4177118195528614,0.666720529403829,10.3813715,0.1308,0.0923,31.0,0.7643617021276596
57,DASH,"DoorDash, Inc.",Consumer Cyclical,189.14999389648438,81958305792.0,0.31607264158863746,0.361902343708127,0.4237671168123869,-0.08798014099840958,3,63,0.4371125397406448,0.7230921395578703,22.922743,0.7376,0.20729999,42.0,0.7638297872340425
58,ADI,"Analog Devices, Inc.",Technology,417.1499938964844,202136485888.0,0.20608669383032796,0.12841605390699984,0.3069900281414286,0.22954771351552034,3,72,0.3751941545193625,0.5492801296287054,25.516695,0.2678,0.2034,32.0,0.7601063829787233
59,STLD,"Steel Dynamics, Inc.",Basic Materials,231.99000549316406,33250684928.0,0.1934791473404179,0.16798445443368148,0.2275799238632551,0.19889297847625256,3,73,0.37770212621178,0.5122532649761492,11.852262,0.1433,0.023599999,14.0,0.7569148936170214
60,ODFL,"Old Dominion Freight Line, Inc.",Industrials,180.47999572753906,37534113792.0,0.21149580904694298,0.27186095652690745,0.17678506292517454,0.09127039173118776,3,71,0.39147854104103524,0.5402487923974707,26.97649,0.1401,0.0806,22.0,0.7563829787234042
61,TDG,TransDigm Group Incorporated,Industrials,1090.3800048828125,60272414720.0,0.24941163087447712,0.36133127290749534,0.21721510095894797,-0.04852860609934878,3,66,0.2796464564247346,0.8918819643316487,22.56567,0.1729,0.1019,19.0,0.7553191489361702
62,IBKR,"Interactive Brokers Group, Inc.",Financial Services,88.30000305175781,150446915584.0,0.1868963560107445,0.19365794289065752,0.22014801686726876,0.08677052441247787,3,74,0.42329365073899483,0.4415288433560413,27.587715,0.1839,0.1656,14.0,0.7553191489361701
63,CFG,"Citizens Financial Group, Inc.",Financial Services,64.33000183105469,27094304768.0,0.2493065822326135,0.23947283896249738,0.3372281643698628,0.0769353681460857,3,66,0.308919229638735,0.8070283695973365,9.852255,0.2356,0.086,17.0,0.7542553191489362
64,GPN,Global Payments Inc.,Industrials,78.37999725341797,20740788224.0,0.2988352003196255,0.3396275029267266,0.3772655085612653,-0.020143194267870757,3,63,0.4019712588965333,0.7434242964036023,4.895589,0.173,0.052800003,30.0,0.7531914893617021
65,MS,Morgan Stanley,Financial Services,190.30999755859375,298894458880.0,0.17040426166317446,0.2265701907128166,0.13227442485611052,0.07215411738084998,3,79,0.30910073796352194,0.5512903747362922,13.976374,0.060599998,0.0496,21.0,0.751595744680851
66,APH,Amphenol Corporation,Technology,86.95999908447266,214440476672.0,0.18563885233505892,0.14632257416616445,0.2693063481441208,0.12146895601022945,3,74,0.40559381711175774,0.45769645518020263,26.450584,0.2315,0.1857,19.0,0.7510638297872341
67,MRVL,"Marvell Technology, Inc.",Technology,272.2900085449219,244708294656.0,0.2333159914601443,0.07928080641092161,0.42478739501338153,0.3,3,67,0.7545147316072872,0.30922655540883665,40.343086,0.6027,0.5089,43.0,0.7489361702127659
68,ALGN,"Align Technology, Inc.",Healthcare,143.74000549316406,10211269632.0,0.29168245149594824,0.43562781490093827,0.19469923640461212,0.03815874202576581,3,63,0.4700602779512162,0.6205213781672052,11.494354,0.107700005,0.040700004,14.0,0.7478723404255319
69,STT,State Street Corporation,Financial Services,175.9600067138672,48336523264.0,0.1678756943182848,0.1364190291556806,0.20906316473744713,0.17662714721558676,3,80,0.2627528770055765,0.6389109654343459,11.482874,0.121400006,0.0525,14.0,0.7452127659574468
70,DD,"DuPont de Nemours, Inc.",Basic Materials,129.97999572753906,17552885760.0,0.22355691511780454,0.3050085057362506,0.15837681383138016,0.1041385160579746,3,68,0.32009451805159234,0.6984090714161246,16.319387,0.0971,0.0394,16.0,0.7446808510638298
71,KEYS,"Keysight Technologies, Inc.",Technology,384.6400146484375,65482944512.0,0.17034610561810992,0.0791475774546957,0.24506376254503454,0.3,3,77,0.39059093050036103,0.43612406821605004,27.728659,0.20899999,0.1517,12.0,0.7388297872340426
72,BG,Bunge Global SA,Consumer Defensive,106.72000122070312,20502951936.0,0.27585259412514596,0.32850251478910075,0.27682867195634203,0.09807534363917254,3,63,0.30993882821169877,0.890022704534229,9.476097,0.1713,0.0277,9.0,0.7308510638297872
73,CMI,Cummins Inc.,Industrials,528.3200073242188,72730902528.0,0.29853766887932137,0.4030511616515491,0.2434502692480818,0.07869662544478799,3,62,0.3349905454092486,0.8911823720714452,15.279712,0.17959999,0.09060001,20.0,0.7303191489361702
74,LRCX,Lam Research Corporation,Technology,347.489990234375,434857443328.0,0.18046603423336582,0.07935339302011712,0.27368382206659225,0.3,3,73,0.5689100149345959,0.317213670872208,29.599966,0.2399,0.184,31.0,0.7281914893617021
75,DVA,DaVita Inc.,Healthcare,178.69000244140625,11400422400.0,0.22042735390901558,0.2303830488339309,0.25633614508803454,0.10345452474158708,3,67,0.3977015289771516,0.5542532221989003,10.4236,0.1604,0.0339,7.0,0.7276595744680852
76,HOOD,"Robinhood Markets, Inc.",Financial Services,112.73999786376953,101362540544.0,0.20375180337037158,0.1699295946357926,0.3637861988134714,-0.05692109021493136,3,69,0.7463920589083463,0.27298227645719286,32.800144,0.3384,0.2775,28.0,0.726063829787234
77,HAL,Halliburton Company,Energy,31.850000381469727,26535202816.0,0.31025338358240867,0.36389323327208856,0.327374400212178,0.09150484581401397,3,61,0.3844419691187682,0.8070226679297858,10.980033,0.23629999,0.055,25.0,0.7175531914893617
78,LITE,Lumentum Holdings Inc.,Technology,1085.4200439453125,97362173952.0,0.23027760685965348,0.06815947104291253,0.431993918109135,0.3,3,65,0.8356833157581351,0.2755560659371843,31.25594,0.5945,0.52779996,27.0,0.7143617021276596
79,TMUS,"T-Mobile US, Inc.",Communication Services,163.63999938964844,175531982848.0,0.3513186142677233,0.4778782748840462,0.35755289691990466,-0.08509358064177616,3,60,0.29133611088993777,1.2058876367730673,11.33467,0.2724,0.0448,25.0,0.7127659574468086
80,RL,Ralph Lauren Corporation,Consumer Cyclical,363.3699951171875,21650399232.0,0.17997252493242355,0.22934165176719268,0.16640223266023388,0.04707278411830238,3,72,0.3756729371727118,0.4790670477540495,17.33035,0.1087,0.0529,17.0,0.7090425531914893
81,AMP,"Ameriprise Financial, Inc.",Financial Services,490.9100036621094,43363659776.0,0.16283152861125263,0.1733311517449898,0.21475607874207725,0.0066755011935381026,3,76,0.27940499513656825,0.5827795903636707,9.518726,0.1097,0.059899997,11.0,0.7042553191489361
82,P,"Everpure, Inc.",Technology,140.13999938964844,46698467328.0,0.19760376720408793,0.0369330714492202,0.43012252046799865,0.19062899543785544,3,68,0.6586834479097101,0.2999980762097042,39.4775,0.5197,0.39110002,19.0,0.701063829787234
83,SPGI,S&P Global Inc.,Financial Services,386.2699890136719,113872396288.0,0.23125011503280993,0.34698530768224956,0.18364002271733415,-0.043443645062545444,3,64,0.27276614463049936,0.8477962517894997,19.105837,0.1313,0.0677,20.0,0.701063829787234
84,NUE,Nucor Corporation,Basic Materials,240.38999938964844,54538645504.0,0.17607603554933424,0.18115354515961113,0.1419001063672994,0.2388948382731593,3,72,0.3688249810017932,0.4773972605409778,12.106522,0.059299998,0.0224,16.0,0.698404255319149
85,CRH,CRH plc,Basic Materials,81.94000244140625,54513410048.0,0.36355517313247415,0.6094346603699801,0.20779152803155299,-0.09259461242372954,3,59,0.32250225714829006,1.1272949725908663,12.617529,0.1287,0.0602,24.0,0.6957446808510638
86,BSX,Boston Scientific Corporation,Healthcare,42.599998474121094,61737177088.0,0.23466386458970423,0.4270681262331726,0.12465657563747982,-0.15,3,63,0.3177254032796294,0.7385744487770061,12.491166,0.0446,0.049200002,29.0,0.6914893617021276
87,FISV,"Fiserv, Inc.",–,44.36000061035156,23589171200.0,0.2521185087956461,0.34736765504129963,0.2883848036428467,-0.15,3,62,0.4930581350386181,0.5113362722955566,5.5283804,0.1075,0.0368,26.0,0.6909574468085107
88,ABNB,"Airbnb, Inc.",Consumer Cyclical,162.42999267578125,97260748800.0,0.15636211895120014,0.13048702998174178,0.21817896729377853,0.09837310271671192,3,76,0.37629869510606667,0.4155266042236118,26.232489,0.17969999,0.1168,40.0,0.6893617021276596
89,TPR,"Tapestry, Inc.",Consumer Cyclical,118.12000274658203,23552145408.0,0.2741290864854635,0.4095834416564803,0.19154312388303363,0.01531514865441086,3,61,0.4319677851760165,0.6346053939502977,13.272611,0.1162,0.0537,20.0,0.6845744680851064
90,AMD,"Advanced Micro Devices, Inc.",Technology,633.9099731445312,1034842210304.0,0.18224434833608882,-0.02271927206491131,0.4245828124815557,0.3,3,69,0.6330531068962856,0.28788161111725863,40.67883,1.0567,0.7321,50.0,0.6835106382978724
91,STZ,"Constellation Brands, Inc.",Consumer Defensive,112.87000274658203,19278688256.0,0.2704393129840518,0.4472208383546492,0.1548767936697995,-0.049186559851350696,3,61,0.3061895160459629,0.8832415834363692,9.201926,0.0462,0.0175,23.0,0.6803191489361702
92,HSY,The Hershey Company,Consumer Defensive,160.19000244140625,32186281984.0,0.20939842283154828,0.27408232030368596,0.22294646512166832,-0.03782666741919065,3,65,0.28410885878138914,0.7370358802949974,16.247885,0.16139999,0.0254,21.0,0.6803191489361702
93,VRTX,Vertex Pharmaceuticals Incorporated,Healthcare,504.7300109863281,127929335808.0,0.1763262891800541,0.13207633301495458,0.28313543590108536,0.07460480071464633,3,70,0.3249729624989077,0.5425875673599977,25.119944,0.2433,0.0983,28.0,0.6792553191489362
94,AXP,American Express Company,Financial Services,302.7799987792969,204470304768.0,0.1896564580940121,0.24126012786581041,0.20603909456841432,-0.020581926252253968,3,67,0.2926754292626423,0.6480094983437008,15.005756,0.13949999,0.0907,24.0,0.6776595744680851
95,MNST,Monster Beverage Corporation,Consumer Defensive,42.939998626708984,84121681920.0,0.15602984909937184,0.16998443425079457,0.1677853293401311,0.08208511136619112,3,75,0.25184338090109415,0.619551121578411,32.799656,0.1373,0.0955,23.0,0.6776595744680851
96,DOV,Dover Corporation,Industrials,189.69000244140625,25547491328.0,0.1935463323550126,0.26605449369522205,0.15341594100932437,0.045490041027586914,3,66,0.26413590409301885,0.7327528342638825,16.282417,0.092,0.050300002,19.0,0.672340425531915
97,MGM,MGM Resorts International,Consumer Cyclical,30.479999542236328,7798345216.0,0.3618490479132826,0.6184901817875987,0.16590052590758947,-0.03640818032115375,3,58,0.41103095364050596,0.8803450073732437,14.752789,0.1011,0.012,19.0,0.6718085106382978
98,CVS,CVS Health Corporation,Healthcare,86.45999908447266,110579777536.0,0.2356052505787118,0.3448993896749035,0.15981443746583118,0.048136684188127485,3,62,0.3463872726980186,0.6801787165665094,10.137547,0.061100002,0.028499998,25.0,0.6718085106382978
99,HPE,Hewlett Packard Enterprise Company,Technology,69.33000183105469,92033138688.0,0.16633469073342766,0.03548244777116705,0.29598133385098324,0.3,3,72,0.5178569291076959,0.3211981560622045,14.7533245,0.2282,0.1761,21.0,0.6707446808510638
100,DOC,"Healthpeak Properties, Inc.",Real Estate,19.489999771118164,13817381888.0,0.235072149857397,0.17739200972209557,0.40718317094120565,0.025746901112848275,3,62,0.26631933277463093,0.8826702418045015,139.21428,0.5556,0.0713,19.0,0.6707446808510638
101,HIG,"The Hartford Insurance Group, Inc.",Financial Services,126.05000305175781,34143416320.0,0.15159954175298684,0.1832605822211446,0.17578182997242525,-0.010362598986228622,3,75,0.2136903574700309,0.7094355756049872,9.192712,0.067,0.0326,20.0,0.6670212765957447
102,TXN,Texas Instruments Incorporated,Technology,293.79998779296875,268312150016.0,0.1604501436688774,0.10520664905136856,0.22187883056386473,0.2012615229722697,3,73,0.41308912327206226,0.3884153191881652,27.6002,0.1875,0.1376,31.0,0.6654255319148936
103,BNY,The Bank of New York Mellon Corporation,Financial Services,145.39999389648438,98654494720.0,0.1507377044175928,0.1421694427183564,0.17796114464430124,0.11577721621939434,3,75,0.22731573289843127,0.6631204206395388,14.152049,0.1073,0.045900002,14.0,0.6627659574468086
104,DXCM,"DexCom, Inc.",Healthcare,85.36000061035156,32211515392.0,0.14306455108380411,0.11387065745252234,0.20857052457449768,0.08753025837645845,3,78,0.41259382842342057,0.3467442827016439,27.344425,0.172,0.1089,25.0,0.6627659574468086
105,DVN,Devon Energy Corporation,Energy,47.650001525878906,52415000576.0,0.15991666258405765,0.27267278191092226,0.01806746788489333,0.1150443857925591,3,73,0.380518467773196,0.4202599246230916,8.844367,-0.0837,0.0634,28.0,0.6622340425531915
106,HAS,"Hasbro, Inc.",Consumer Cyclical,89.54000091552734,12629121024.0,0.17366845722920396,0.23537389846975,0.13072173256100983,0.06819267731983678,3,69,0.33266164320117975,0.5220573540069259,13.769982,0.0581,0.0705,13.0,0.6579787234042553
107,NFLX,"Netflix, Inc.",Communication Services,67.05999755859375,279233789952.0,0.21549309333158354,0.38572432721616523,0.11959556328602791,-0.12818344951072572,3,63,0.3502041116117859,0.6153357033411005,17.579916,0.062800005,0.11270001,45.0,0.6574468085106383
108,LHX,"L3Harris Technologies, Inc.",Industrials,236.60000610351562,44058382336.0,0.2620379391828076,0.4173006396850525,0.17818630952388903,-0.05985059328719857,3,60,0.25204868971678474,1.039632221366623,17.475016,0.120900005,0.0677,15.0,0.6542553191489362
109,AIZ,"Assurant, Inc.",Financial Services,267.32000732421875,13185229824.0,0.17587060169691981,0.2344755011163826,0.13576070386785064,0.07411069856653871,3,68,0.251745834112678,0.6986038212580811,11.407619,0.0481,0.0505,6.0,0.6531914893617021
110,AMCR,Amcor plc,Consumer Cyclical,41.86000061035156,19337048064.0,0.1672776330873093,0.1987379184985294,0.18317716045093987,0.025311117868104294,3,70,0.2870198500203636,0.5828085864982552,9.608256,0.0791,-0.0037,12.0,0.6526595744680852
111,CAT,Caterpillar Inc.,Industrials,845.4199829101562,388618321920.0,0.1920492155980429,0.1539899218394496,0.22919734410647444,0.23223456160701364,3,65,0.3513988236129019,0.5465277704219145,26.111473,0.1909,0.112399995,26.0,0.6526595744680852
112,MDT,Medtronic plc,Healthcare,86.37999725341797,110491926528.0,0.15554568474705985,0.2136296982326178,0.14678025241655646,-0.01761501810029199,3,73,0.22632357298162326,0.6872712492908976,13.480677,0.0726,0.0342,24.0,0.6515957446808511
113,CHRW,"C.H. Robinson Worldwide, Inc.",Industrials,157.72000122070312,18429779968.0,0.22216144312151226,0.25259953380007505,0.24727227962166098,0.06210918902595603,3,62,0.38805656279978823,0.5724975800399825,21.020645,0.1997,0.067,25.0,0.6515957446808511
114,PLTR,Palantir Technologies Inc.,Technology,188.75,453577277440.0,0.1633253484769556,0.03610797350993389,0.41241939072847683,0.0061638331134786116,3,71,0.663997368003527,0.2459728853565095,80.51924,0.44689998,0.4967,26.0,0.6468085106382979
115,IVZ,Invesco Ltd.,Financial Services,30.65999984741211,13536382976.0,0.1689644508858254,0.11520907273866277,0.2705940544579329,0.11101330304145005,3,69,0.3700924732924933,0.4565465743808537,9.372593,0.16389999,0.0881,13.0,0.6462765957446809
116,CHTR,"Charter Communications, Inc.",Communication Services,109.29000091552734,14203066368.0,0.45241858531487106,0.6022075078519096,0.49661380396833227,-0.15,3,56,0.47146427183395495,0.959603118079345,2.3233418,0.0987,0.1174,19.0,0.6462765957446809
117,MCO,Moody's Corporation,Financial Services,441.3599853515625,76435161088.0,0.18895838725150604,0.2731213038092213,0.15898766682127358,-0.02165298693700225,3,65,0.27387113605924246,0.6899536401332614,23.322578,0.1161,0.072399996,21.0,0.6452127659574468
118,LUV,Southwest Airlines Co.,Industrials,42.470001220703125,20776673280.0,0.27575384962684063,0.16511910943573027,0.5083779107064457,0.10174684107813003,3,59,0.42435112488135407,0.6498247169815791,9.226973,0.4945,0.048499998,23.0,0.6446808510638298
119,CPAY,"Corpay, Inc.",Technology,394.6000061035156,25909278720.0,0.18082793886742846,0.16827164944104345,0.2276959440283187,0.11332355824663458,3,66,0.36202623352838825,0.49948849591655037,12.547689,0.148,0.086899996,15.0,0.6446808510638298
120,REGN,"Regeneron Pharmaceuticals, Inc.",Healthcare,735.2000122070312,75692515328.0,0.16856903400277812,0.16049005146063888,0.22255918003187408,0.06952196840868492,3,69,0.3644475307530663,0.4625330665691713,11.959699,0.1537,0.0879,26.0,0.6441489361702128
121,CINF,Cincinnati Financial Corporation,Financial Services,161.9499969482422,24855769088.0,0.13379193543334356,0.17937637294949704,0.1213409087416987,0.01089620599333656,3,80,0.2336748035913431,0.5725561052244321,17.876005,0.0654,-0.0463,6.0,0.6430851063829788
122,GEHC,GE HealthCare Technologies Inc.,Healthcare,64.29000091552734,29038909440.0,0.2033177247994893,0.2918436586915818,0.1828843198464295,-0.04409077661701277,3,63,0.3493044906737768,0.5820644458572742,11.878696,0.0987,0.046,19.0,0.6425531914893616
123,HBAN,Huntington Bancshares Incorporated,Financial Services,15.329999923706055,30972958720.0,0.23086108436352615,0.28162883873323663,0.26573118126592954,-0.01972832297444996,3,61,0.29408824972804737,0.7850061489264214,8.633896,0.1503,0.0695,19.0,0.6420212765957447
124,ISRG,"Intuitive Surgical, Inc.",Healthcare,391.95001220703125,140427083776.0,0.15631741875413258,0.21532033464611988,0.15254883579851344,-0.031565607322713775,3,72,0.35320316431215293,0.442570833300867,32.416138,0.121700004,0.1279,29.0,0.6398936170212766
125,TER,"Teradyne, Inc.",Technology,449.0400085449219,70203252736.0,0.14981203705169926,-0.0057307556029596585,0.3076497567233688,0.3,3,73,0.6644206117859519,0.2254777085391841,38.536037,0.28170002,0.2182,15.0,0.6388297872340425
126,BRO,"Brown & Brown, Inc.",Financial Services,59.90999984741211,20046508032.0,0.17011098652914777,0.2633533665961012,0.15454134955598592,-0.10436779408998598,3,68,0.2777771709164997,0.6124008894175231,12.446891,0.074200004,0.0431,16.0,0.6382978723404256
127,DAL,"Delta Air Lines, Inc.",Industrials,84.08999633789062,55299518464.0,0.28758297922639847,0.2137293904722295,0.4501161298744566,0.1545175902281596,3,58,0.4500078627224453,0.6390621210184791,10.3625345,0.3515,0.02,24.0,0.6367021276595745
128,CCL,Carnival Corporation Ltd.,Consumer Cyclical,25.760000228881836,34637160448.0,0.23696326531534234,0.31718826469408135,0.23382235936506318,-0.02312461872980297,3,60,0.4828138631654647,0.49079631591716094,10.0581,0.1344,0.0321,26.0,0.6319148936170214
129,MSFT,Microsoft Corporation,Technology,517.530029296875,3842942959616.0,0.1444786544327361,0.11843258793387879,0.2430926529116149,0.001199546311543398,3,74,0.29001046798244784,0.49818427396034654,21.885357,0.1974,0.195,53.0,0.6319148936170212
130,Q,"Qnity Electronics, Inc.",Technology,131.47999572753906,27506739200.0,0.27942935532406016,0.32529666612624153,0.21390462560665816,,2,58,0.5519410821749609,0.5062666366905505,24.447113,0.173,0.1163,8.0,0.6281914893617022
131,UNH,UnitedHealth Group Incorporated,Healthcare,371.8999938964844,333815513088.0,0.22158950059562357,0.29529445524563047,0.198896424767604,0.028856828694312896,3,61,0.42339226871865915,0.5233669033830848,16.448336,0.1381,0.029000001,25.0,0.6281914893617021
132,TRMB,Trimble Inc.,Technology,57.52000045776367,13412504576.0,0.24828246681867683,0.3821279444942982,0.19892315659033713,-0.08269740156726836,3,59,0.3280968095497769,0.7567353890437905,13.903728,0.127,0.0787,10.0,0.6212765957446809
133,FITB,Fifth Third Bancorp,Financial Services,50.869998931884766,46133620736.0,0.2933642834025936,0.2227246177710005,0.4961885217759077,0.05557327930350442,3,57,0.272525712693433,1.0764646040302337,10.271248,0.5941,0.089099996,20.0,0.6202127659574468
134,CBOE,"Cboe Global Markets, Inc.",Financial Services,271.260009765625,28327958528.0,0.12853867273260167,0.15313717001730742,0.13162123960359326,0.03935102575126879,3,77,0.2908841519182015,0.44188956973065885,17.914328,0.0758,0.0353,15.0,0.6164893617021276
135,FANG,"Diamondback Energy, Inc.",Energy,184.7100067138672,51722452992.0,0.14820120740302828,0.2703977124720831,-0.0037123208757698645,0.09534442315670778,3,72,0.36080322197750425,0.41075355865937496,9.863131,-0.105100006,-0.0682,29.0,0.6154255319148936
136,ROP,"Roper Technologies, Inc.",Technology,354.32000732421875,35042557952.0,0.16561969805149587,0.24020250315106573,0.16610508002048,-0.08412221020803332,3,67,0.25431891271465307,0.6512283977767784,14.533808,0.09729999,0.0631,14.0,0.6138297872340426
137,NDAQ,"Nasdaq, Inc.",Financial Services,90.33000183105469,50492424192.0,0.16981497186923944,0.20599466170439307,0.18408444594132437,0.015920566250529244,3,66,0.25667012253354515,0.6616078653527183,19.310814,0.13229999,0.084,16.0,0.6127659574468085
138,PCG,PG&E Corporation,Utilities,12.319999694824219,36989161472.0,0.3547895603952312,0.559963512667458,0.23983539323275166,-0.060897223799739206,3,55,0.3275208831056958,1.0832578278092129,6.8382897,0.0936,0.0392,16.0,0.6117021276595744
139,WAB,Westinghouse Air Brake Technologies Corporation,Industrials,287.5400085449219,48568627200.0,0.17488997318656285,0.1462173270002869,0.2323174870746033,0.13646792806872168,3,65,0.271438616303251,0.6443076359893315,23.085365,,,12.0,0.6090425531914894
140,SYF,Synchrony Financial,Financial Services,71.7699966430664,23351865344.0,0.21120221471253228,0.24249566909538056,0.25125841560950596,0.01342623134343277,3,61,0.3760392640973161,0.561649367173197,6.8657737,0.1058,0.0529,23.0,0.6090425531914894
141,PNC,"The PNC Financial Services Group, Inc.",Financial Services,221.02999877929688,88178524160.0,0.20975777883569205,0.23942451935470022,0.23792420444677276,0.0451469840131431,3,61,0.2402939813655526,0.8729214841073915,10.301787,0.14029999,0.0553,20.0,0.6079787234042553
142,BALL,Ball Corporation,Consumer Cyclical,56.369998931884766,14921327616.0,0.2211158143477583,0.2874123004276157,0.20413381783180695,0.0397521859521202,3,60,0.26351314324733155,0.8391073463087971,12.463573,0.123900004,0.0418,14.0,0.6074468085106384
143,STE,STERIS plc,Healthcare,208.5399932861328,20332673024.0,0.17935877963636343,0.26174838626264063,0.15502787184372846,-0.03850112426841235,3,64,0.24064268837867653,0.7453323466621332,17.027689,0.0963,0.0636,8.0,0.6074468085106383
144,AJG,Arthur J. Gallagher & Co.,Financial Services,226.11000061035156,57961263104.0,0.19604315975875933,0.27543628862737357,0.19904211649141657,-0.07559816884615501,3,62,0.2770810476709966,0.7075300220155768,15.210949,0.1333,0.0929,18.0,0.6069148936170212
145,HII,"Huntington Ingalls Industries, Inc.",Industrials,268.5400085449219,10581711872.0,0.25278846642728564,0.36758020523621804,0.20298531070618747,-0.013643299586593315,3,58,0.41750136285074463,0.6054793802377519,12.889037,0.1254,0.0634,12.0,0.6069148936170212
146,BEN,Franklin Templeton Inc.,Financial Services,32.810001373291016,16670003200.0,0.13396512027689753,0.08198715373717658,0.19779478411035067,0.15828912646457682,3,74,0.29716083099186447,0.45081688535379405,10.299214,0.1007,0.044699997,12.0,0.6031914893617021
147,CASY,"Casey's General Stores, Inc.",Consumer Cyclical,617.760009765625,22832513024.0,0.19217987080759266,0.2796657075616171,0.13559402973248708,0.032594044136090815,3,62,0.3307944919118558,0.5809645429610156,26.340387,0.09770001,0.0022,19.0,0.6026595744680852
148,FOXA,Fox Corporation,Communication Services,62.279998779296875,26261833728.0,0.14227612503467202,0.22707484742925654,0.08009129920702315,0.00471164398390429,3,72,0.32072368820774594,0.4436096561178042,10.650615,-0.0138,-0.0014,18.0,0.5994680851063829
149,TDY,Teledyne Technologies Incorporated,Technology,617.1699829101562,28609329152.0,0.16148233390775388,0.22832172819778407,0.12579168630772275,0.021962530674392487,3,67,0.24618882989391416,0.6559287599577066,23.045885,0.082399994,0.0558,12.0,0.5957446808510638
150,EFX,Equifax Inc.,Industrials,140.0,16447885312.0,0.30905675013779643,0.47891157142857144,0.25571,-0.13265023717659533,3,55,0.37420737361752077,0.825897007720871,13.791609,0.1834,0.0876,21.0,0.5946808510638298
151,FCX,Freeport-McMoRan Inc.,Basic Materials,72.04000091552734,103450705920.0,0.2007827761785847,0.026576194616066307,0.42477556839147396,0.2588215328902378,3,61,0.4778289531790668,0.42019801195123724,17.248646,0.3668,0.1928,22.0,0.5930851063829787
152,URI,"United Rentals, Inc.",Industrials,1081.0400390625,67286622208.0,0.1685940237741448,0.17417797133655832,0.21592111813592776,0.03955097838860631,3,65,0.40361679454257565,0.41770814805963336,18.860416,0.16290002,0.0876,21.0,0.5930851063829787
153,SNPS,"Synopsys, Inc.",Technology,489.8999938964844,93882785792.0,0.17453125106721118,0.16305369891552646,0.2654322519524803,0.0006874228405322923,3,64,0.512397600896675,0.34061683888017547,26.362791,0.2275,0.1345,26.0,0.5925531914893617
154,BR,"Broadridge Financial Solutions, Inc.",Technology,156.92999267578125,17717401600.0,0.22553845145454396,0.3596827245180252,0.1711642245307803,-0.09473592926827824,3,59,0.25713500728000604,0.8771207539584248,13.556706,0.097399995,0.0493,8.0,0.5925531914893617
155,IDXX,"IDEXX Laboratories, Inc.",Healthcare,518.3900146484375,40839344128.0,0.22545215925651974,0.3529066536430707,0.16108692591880047,-0.04921061091063852,3,59,0.3770227588644709,0.5979802384756392,30.972288,0.1288,0.088599995,12.0,0.5914893617021276
156,GLW,Corning Incorporated,Technology,164.19000244140625,141431357440.0,0.23897344821856886,0.14143222616054696,0.35312000691426937,0.297768884788674,3,58,0.5656518894524455,0.4224744099235603,37.707382,0.3266,0.1894,17.0,0.5909574468085106
157,PCAR,PACCAR Inc,Industrials,109.68000030517578,57731710976.0,0.2624620764687568,0.32020422681533245,0.27314836691379163,0.045053564275089907,3,57,0.2817939896599755,0.9313969995792125,15.181463,0.20729999,0.0999,15.0,0.5904255319148937
158,MSCI,MSCI Inc.,Financial Services,535.9500122070312,38963564544.0,0.2082878421091432,0.2907261577461804,0.18186663772313078,-0.004857066446951885,3,60,0.2823568264773436,0.7376759567237036,23.828451,0.1399,0.0872,17.0,0.5851063829787234
159,MA,Mastercard Incorporated,Financial Services,552.260009765625,483785244672.0,0.17115319627910497,0.20724620325659338,0.19699196405724081,-0.009447285128173277,3,64,0.22245555913614984,0.7693815202629025,23.985432,0.15529999,0.1261,37.0,0.5851063829787233
160,TKO,"TKO Group Holdings, Inc.",Communication Services,175.5800018310547,33231976448.0,0.18365331497043705,0.3180376329114991,0.08357624985063195,-0.030781259553557958,3,62,0.3291418253086312,0.5579762304539333,37.506996,0.0556,0.0099,19.0,0.5824468085106382
161,TYL,"Tyler Technologies, Inc.",Technology,322.80999755859375,13219803136.0,0.21878452694009787,0.31585992755041237,0.21955599304886309,-0.10660022934806936,3,59,0.34883234863339907,0.6271910497900144,21.027843,0.172,0.1008,22.0,0.5819148936170213
162,GDDY,GoDaddy Inc.,Technology,97.20999908447266,12311422976.0,0.15593006472531745,0.09813806198308228,0.33933253869694713,-0.0793690320677011,3,67,0.4157920236468404,0.3750193747289369,8.815234,0.2446,0.052399997,16.0,0.5808510638297872
163,CPRT,"Copart, Inc.",Industrials,27.219999313354492,25214713856.0,0.24895550650996653,0.4327700581853462,0.14401374151949822,-0.11889554743020622,3,57,0.28824069664911117,0.8637069969790965,15.548777,0.0797,0.052600004,10.0,0.5787234042553191
164,USB,U.S. Bancorp,Financial Services,57.5099983215332,89603538944.0,0.19053856602254984,0.21055559088640874,0.21180226342425568,0.07419985587237339,3,61,0.2575860095289146,0.7397085205482073,9.915619,0.1108,0.0717,21.0,0.5781914893617022
165,XYZ,"Block, Inc.",Technology,74.33000183105469,44657094656.0,0.28623433954551536,0.32365636454073465,0.3538171246061875,0.003801091086549424,3,55,0.5103397066481018,0.5608702121680776,14.302648,0.2839,0.113199994,42.0,0.5765957446808511
166,VICI,VICI Properties Inc.,Real Estate,22.649999618530273,24939405312.0,0.2639437857196332,0.3980869992639233,0.21930882724535866,-0.07905202298802667,3,56,0.18648925560680726,1.4153297189202714,7.5752506,0.087299995,0.0346,24.0,0.573936170212766
167,BE,Bloom Energy Corporation,Industrials,289.1499938964844,85162582016.0,0.1800282656801409,-0.021907743490225284,0.4170918212150102,0.3,3,62,1.0846185509867017,0.16598302280222405,58.507515,0.8257,0.65,26.0,0.5739361702127659
168,ADBE,Adobe Inc.,Technology,237.69000244140625,94481776640.0,0.15112625199010457,0.15723735611390266,0.2468259317420043,-0.09254334784365503,3,67,0.37313125516140216,0.40502169115994635,8.589151,0.1304,0.091800004,32.0,0.5712765957446808
169,JPM,JPMorgan Chase & Co.,Financial Services,332.3800048828125,883527974912.0,0.11006186151456657,0.13066217726454243,0.1162039612174165,0.02706257637466389,3,77,0.24869386205718877,0.44255962171377244,13.286049,0.040900003,0.026700001,21.0,0.5707446808510638
170,NRG,"NRG Energy, Inc.",Utilities,95.2300033569336,20018343936.0,0.5902560360975744,0.947915504158112,0.38429639305022034,-0.121369690327058,3,51,0.5202110422683207,1.134647264548308,8.5109005,0.26680002,0.0381,16.0,0.5680851063829787
171,KEY,KeyCorp,Financial Services,20.079999923706055,21427941376.0,0.23606617206337804,0.2714930327194831,0.2699848709615982,0.038833005780514275,3,57,0.29357517398044036,0.804108088782419,9.408677,0.16370001,0.066199996,19.0,0.5659574468085107
172,GE,GE Aerospace,Industrials,309.55999755859375,321187840000.0,0.19743351950117805,0.2818500553350458,0.1572342136357284,0.009843447074334688,3,60,0.32549155729071144,0.6065703244180958,34.11351,0.12550001,0.1094,21.0,0.5659574468085107
173,PWR,"Quanta Services, Inc.",Industrials,676.5599975585938,101716328448.0,0.1693939041406696,0.1366925369148757,0.21032718877402656,0.18288746408214973,3,63,0.4146208295570606,0.4085513608219662,34.21473,0.18110001,0.1546,29.0,0.5659574468085107
174,KLAC,KLA Corporation,Technology,206.88999938964844,269992787968.0,0.19447604706716287,0.1299203958125026,0.26171041142530693,0.2527813677470277,3,60,0.5281332295722952,0.3682329309683048,30.854282,0.2293,0.1823,26.0,0.5638297872340425
175,EOG,"EOG Resources, Inc.",Energy,141.3800048828125,74157940736.0,0.08718538562285172,0.1574681309117283,-0.01632412310641218,0.09443175502821222,3,86,0.2908499716031546,0.2997606812278131,9.304414,-0.1238,-0.0735,28.0,0.5627659574468085
176,GOOGL,Alphabet Inc.,Communication Services,343.5,4200982642688.0,0.08849649441006736,0.24996491994177594,-0.15647918486171764,0.12187832760520372,3,83,0.31970255227074645,0.2768088455394074,22.791302,-0.2755,0.2334,54.0,0.5617021276595745
177,COP,ConocoPhillips,Energy,126.75,152269520896.0,0.09003266195172725,0.15566074950690334,-0.012661656804733745,0.11089244719954924,3,81,0.3223459085256203,0.2793044973442602,13.119855,-0.0889,-0.0673,25.0,0.5617021276595744
178,RTX,RTX Corporation,Industrials,184.67999267578125,248903958528.0,0.1838407797165023,0.2677948845874327,0.12714581065418468,0.036282024625475404,3,61,0.2597560532464034,0.7077439675375411,23.504078,0.0846,0.0738,22.0,0.5611702127659575
179,FDX,FedEx Corporation,Industrials,290.3599853515625,68719624192.0,0.22079935601303405,0.22710971888428166,0.2383028859339939,0.15892324329330235,3,58,0.30436957833065975,0.7254317505186506,13.869073,0.16620001,0.0305,26.0,0.5611702127659575
180,AMT,American Tower Corporation,Real Estate,162.1999969482422,75578720256.0,0.17578916314879028,0.33008103612259676,0.047018496497486954,-0.03805219124419024,3,62,0.26453737733796523,0.6645154076817175,23.138243,0.0038,0.0354,23.0,0.5590425531914893
181,GL,Globe Life Inc.,Financial Services,165.67999267578125,12732416000.0,0.14638929239946213,0.1703832603340356,0.15109966640645922,0.05541852660122404,3,67,0.23661273705142552,0.6186872871837235,10.030124,0.0514,0.0652,11.0,0.5563829787234043
182,ROST,"Ross Stores, Inc.",Consumer Cyclical,228.5399932861328,73311305728.0,0.13553648975997581,0.1838434319951323,0.059789157410391196,0.15125712445848488,3,70,0.2609047573694274,0.5194864636679019,25.469854,0.020599999,0.0683,18.0,0.5558510638297873
183,BKR,Baker Hughes Company,Energy,56.0,55589748736.0,0.2183878986275443,0.2715773214285715,0.21335785714285713,0.052826586088390366,3,58,0.34595666146263243,0.6312579665448439,18.60193,0.1596,0.1091,24.0,0.5558510638297873
184,TXT,Textron Inc.,Industrials,77.26000213623047,13287709696.0,0.22923717582471148,0.3133143566458432,0.2192603132159655,-0.027740747491986784,3,57,0.2780034527601234,0.8245839163102405,10.631476,0.1252,0.040599998,15.0,0.5542553191489361
185,UAL,"United Airlines Holdings, Inc.",Industrials,112.51000213623047,36517339136.0,0.3771292809603776,0.3699264694117974,0.5223239688799912,0.06235104764321331,3,51,0.5318784504349252,0.7090516275889598,7.7741027,0.5709,0.0577,23.0,0.5542553191489361
186,LMT,Lockheed Martin Corporation,Industrials,505.4100036621094,116643954688.0,0.18050568488903254,0.2598420992586621,0.13951104402891684,0.011705132330537337,3,61,0.27486122834640536,0.6567157033204505,15.43042,0.0747,0.0561,19.0,0.5537234042553192
187,GD,General Dynamics Corporation,Industrials,330.0899963378906,89308217344.0,0.18917570593739308,0.27315354800941427,0.15210761273050033,-0.0042582168199277294,3,60,0.22435408443291416,0.8432015241245139,17.753187,0.095699996,0.0479,21.0,0.5531914893617021
188,VEEV,Veeva Systems Inc.,Healthcare,273.3299865722656,44254543872.0,0.09237412308933418,0.08768270810051759,0.1474028006569994,-0.020388074605829386,3,78,0.39463357913379854,0.23407567924678604,26.664675,0.1099,0.1225,27.0,0.5531914893617021
189,AZO,"AutoZone, Inc.",Consumer Cyclical,2792.030029296875,45155500032.0,0.2164627800094275,0.3283196316244401,0.19350313180071887,-0.10282087955362766,3,58,0.2596685868496164,0.8336117303814998,14.513764,0.12529999,0.0709,24.0,0.5526595744680851
190,KDP,Keurig Dr Pepper Inc.,Consumer Defensive,30.3700008392334,41328287744.0,0.17226618553109802,0.19215933485347625,0.18885998710825116,0.06723681744314647,3,62,0.2609696389468071,0.6601004861190412,11.98179,0.105399996,0.1384,17.0,0.551595744680851
191,EW,Edwards Lifesciences Corporation,Healthcare,85.1500015258789,49080459264.0,0.15600452719636723,0.18569040740786869,0.165561067991568,0.0347529979692273,3,65,0.250139485517874,0.6236701369773135,25.213642,0.1259,0.099,26.0,0.551595744680851
192,SW,Smurfit Westrock Plc,Consumer Cyclical,42.540000915527344,22313205760.0,0.3360838222679296,0.33330392052947344,0.4806483292469264,0.008032978445124317,3,52,0.41696919455136333,0.8060159519207118,12.399513,0.6399,0.059699997,16.0,0.551595744680851
193,CBRE,"CBRE Group, Inc.",Real Estate,129.5800018310547,37523169280.0,0.2760854675288298,0.40582394988315684,0.23122384528308776,-0.051699021745529074,3,54,0.31874664673287295,0.8661595984104719,14.2808485,0.1612,0.1117,12.0,0.548936170212766
194,TEL,TE Connectivity plc,Technology,220.36000061035156,63797133312.0,0.12942151777826086,0.12805840130462776,0.18621689945644893,0.0014426821079323248,3,70,0.3229106317804947,0.4007967067068819,17.059927,0.1276,0.0919,19.0,0.5441489361702128
195,LVS,Las Vegas Sands Corp.,Consumer Cyclical,36.22999954223633,23466213376.0,0.3820796577127106,0.6303731920045714,0.23280312018655058,-0.09725353569911889,3,50,0.3588865476276488,1.0646251865342276,10.319586,0.1359,0.0548,19.0,0.5441489361702128
196,PANW,"Palo Alto Networks, Inc.",Technology,403.239990234375,329850322944.0,0.17682783958195833,-0.015673024470369668,0.4054820207656368,0.28497096366113533,3,61,0.4212364710455093,0.41978283395801763,82.6469,0.4025,0.1449,50.0,0.5420212765957446
197,CTVA,"Vylor, Inc.",Basic Materials,11.920000076293945,7952976896.0,0.6785193282516574,1.0,0.5743409378618782,-0.15,3,48,0.6519706322066263,1.0407206931317992,2.891316,0.3032,0.0324,19.0,0.5414893617021277
198,AMZN,"Amazon.com, Inc.",Consumer Cyclical,251.52000427246094,2712973606912.0,0.11379041747755257,0.31437624993789304,-0.1419944981656026,0.042002445777113075,3,73,0.3404698248488477,0.3342158663490078,24.009829,-0.1838,0.1444,57.0,0.5409574468085107
199,CI,The Cigna Group,Healthcare,270.5299987792969,71484973056.0,0.20776490570839456,0.2652632297508992,0.22127414760319186,-0.015417738854481278,3,58,0.3132318101574988,0.6632944004120351,8.079232,0.0975,0.040799998,24.0,0.5398936170212766
200,AXON,"Axon Enterprise, Inc.",Industrials,413.3500061035156,33579487232.0,0.4739777310010958,0.7034118534007481,0.4032083339647018,-0.12567408391282578,3,48,0.6048704686787281,0.7836020363772217,39.202873,0.3777,0.2933,19.0,0.5372340425531915
201,RMD,ResMed Inc.,Healthcare,218.88999938964844,30784524288.0,0.11762395809242168,0.1431447334173337,0.15514186594586682,-0.05498707798199035,3,72,0.2815417582229421,0.4177851230128349,16.544825,0.0947,0.0629,17.0,0.5367021276595745
202,ACN,Accenture plc,Technology,198.89999389648438,121715277824.0,0.1272490733447977,0.11293578075827515,0.22370960527989409,-0.05011452588201863,3,70,0.3941377766903748,0.3228542932710597,13.56369,0.1434,0.051799998,24.0,0.5367021276595745
203,VLTO,Veralto Corporation,Industrials,94.68000030517578,23082354688.0,0.1493928491842891,0.21235434759208704,0.1366007391697127,-0.030630555474358966,3,65,0.221223846627761,0.675301742834545,19.80169,0.0861,0.056900002,14.0,0.5345744680851063
204,TFC,Truist Financial Corporation,Financial Services,46.45000076293945,56744538112.0,0.16604438652584835,0.17527812924292685,0.21591830147559027,0.01889277591952223,3,62,0.2760414606348905,0.6015197359988937,9.3346,0.108100004,0.0356,18.0,0.5335106382978723
205,GILD,"Gilead Sciences, Inc.",Healthcare,144.74000549316406,179471122432.0,0.22702549201474687,0.09612991556431227,0.46832326671748714,0.10031593920980171,3,56,0.2718120466605175,0.8352296920021824,14.636303,24.1992,0.0645,26.0,0.5324468085106383
206,APTV,Aptiv PLC,Consumer Cyclical,43.540000915527344,9040355328.0,0.34516112888191863,0.5298830638344101,0.2934845627563246,-0.15,3,50,0.4142228134740577,0.833274068096531,6.6540437,0.1432,0.044,18.0,0.5292553191489362
207,TROW,"T. Rowe Price Group, Inc.",Financial Services,104.62000274658203,22317105152.0,0.062450963035060945,0.040272673894148125,0.1093837098925358,0.026868850837329015,3,81,0.26851384812504325,0.2325800455773081,10.140181,0.0107,0.0251,12.0,0.5287234042553192
208,CDNS,"Cadence Design Systems, Inc.",Technology,351.3500061035156,96759332864.0,0.1475450520439938,0.1540377200976597,0.2017298842572989,-0.0005284499659379049,3,65,0.41086527755985586,0.359108106969441,36.724358,0.1745,0.1351,26.0,0.5281914893617021
209,GRMN,Garmin Ltd.,Technology,281.1600036621094,54222422016.0,0.09118198478574502,0.07412148266627416,0.13920143638844504,0.036004938111014524,3,75,0.3768074026670046,0.24198565139741995,25.251608,0.0996,0.1159,6.0,0.5276595744680851
210,NCLH,Norwegian Cruise Line Holdings Ltd.,Consumer Cyclical,15.140000343322754,6952103936.0,0.2123564171526791,0.3262879487883201,0.18870831983942998,-0.11223646123520965,3,57,0.528593434630624,0.4017386581826763,9.123395,0.0791,0.053400002,25.0,0.5265957446808511
211,NWSA,News Corporation,Communication Services,28.690000534057617,15471404032.0,0.1995632246008496,0.2604565816257778,0.19829152916903756,-0.0004473428080162711,3,58,0.24636420062322928,0.8100333737451021,18.978384,0.1456,0.0348,8.0,0.526063829787234
212,TSN,"Tyson Foods, Inc.",Consumer Defensive,51.88999938964844,18254979072.0,0.18614717873553752,0.2381961988000576,0.1933517490097231,-0.004160218785962355,3,59,0.2444018536431421,0.7616438908329073,12.570434,0.113800004,-0.013099999,12.0,0.5234042553191489
213,MLM,"Martin Marietta Materials, Inc.",Basic Materials,482.2699890136719,34250518528.0,0.28098577469129377,0.34649680633888846,0.33582978105644723,-0.06535367898604667,3,52,0.2625846133424086,1.0700770738797636,21.5379,0.2894,0.22600001,24.0,0.5207446808510638
214,VRSK,"Verisk Analytics, Inc.",Industrials,163.8800048828125,21329969152.0,0.264706006436415,0.4325402917084109,0.1816776161876492,-0.10100870055645096,3,53,0.29739831104121267,0.8900723259310398,18.840332,0.1286,0.0675,17.0,0.5207446808510638
215,OXY,Occidental Petroleum Corporation,Energy,58.08000183105469,58058940416.0,0.053924999694666256,0.1769972080725506,-0.12981043609712345,0.07240032194922776,3,80,0.3562545130601538,0.15136650264851798,14.452435,-0.3435,-0.0776,25.0,0.5186170212765957
216,MTB,M&T Bank Corporation,Financial Services,219.13999938964844,31647377408.0,0.15409127257498484,0.16300588988702414,0.18755921855613272,0.04628400757884221,3,63,0.25788074952339085,0.5975291791255172,10.399419,0.091400005,0.0369,18.0,0.5170212765957447
217,BA,The Boeing Company,Industrials,193.55999755859375,152984027136.0,0.3492125892021034,0.4126011234177165,0.42124891533311243,-0.03016728582229452,3,48,0.35769763021822215,0.9762787329316601,46.90283,4.7954,0.1496,26.0,0.5159574468085106
218,FOX,Fox Corporation,Communication Services,55.88999938964844,23567339520.0,0.09448672504134988,,0.13379120259436772,0.0027762774176415925,2,73,0.31414898379678763,0.3007704303206346,9.728459,,,,0.5122340425531915
219,MMM,3M Company,Industrials,161.88999938964844,83490308096.0,0.13603357432577118,0.15500241339772391,0.15991795686613935,0.017073884825069684,3,66,0.27782475959991715,0.4896380528562932,16.469593,0.0992,0.044899996,18.0,0.5095744680851064
220,ALLE,Allegion plc,Industrials,154.2100067138672,13113523200.0,0.12625459120513488,0.15427010083901083,0.15543434001757517,-0.035216521470145555,3,68,0.26238026993115643,0.48118934871993874,15.764332,0.092,0.050300002,11.0,0.5095744680851064
221,SLB,SLB N.V.,Energy,48.7400016784668,72337145856.0,0.28540015720632855,0.28196056315699125,0.35824796654649926,0.12688724891038816,3,51,0.36344648522685613,0.7852604683415425,15.186498,0.2924,0.077199996,29.0,0.5095744680851064
222,PNR,Pentair plc,Industrials,53.029998779296875,8463587840.0,0.2708601012869406,0.4412327316484499,0.20783924417918764,-0.15,3,52,0.30223337239234355,0.896195212139989,10.273349,0.1105,0.0917,14.0,0.5079787234042553
223,NEE,"NextEra Energy, Inc.",Utilities,76.83000183105469,160265715712.0,0.18889091118086662,0.2782835827071828,0.1415388766806663,0.0014034199269467474,3,58,0.2523275587296568,0.7485940581830934,17.501219,0.0844,0.1099,19.0,0.5069148936170214
224,HON,Honeywell International Inc.,Industrials,213.99000549316406,67821993984.0,0.18762559612857638,0.20667962695224462,0.23436476819925545,0.015054091884764496,3,58,0.26068749630942684,0.7197337762064024,21.708565,0.1883,0.0216,23.0,0.5058510638297873
225,ALL,The Allstate Corporation,Financial Services,223.74000549316406,56574439424.0,0.09131934237941478,0.22829254157856238,-0.07583141450826145,0.024760444453500608,3,73,0.25956662384457035,0.35181465562420383,8.053567,-0.21129999,0.0354,22.0,0.5058510638297873
226,EBAY,eBay Inc.,Consumer Cyclical,106.4000015258789,47347998720.0,0.11115743127389513,0.09126981517720312,0.15758796902006955,0.06911156352179482,3,71,0.3498915652056749,0.3176910858327038,15.850883,0.0945,0.0657,27.0,0.5053191489361702
227,V,Visa Inc.,Financial Services,360.6600036621094,677086953472.0,0.14497969191417898,0.16276167510075856,0.17590234973173538,0.013553546384615478,3,64,0.22120899981830303,0.6553968962983541,24.03711,0.13430001,0.11,37.0,0.5053191489361701
228,SRE,Sempra,Utilities,78.37999725341797,51252707328.0,0.18747468704993392,0.27477256317003595,0.15537798155298385,-0.028625920524189417,3,58,0.26431420477423206,0.7092872182562728,14.148678,0.0847,0.0004,18.0,0.5047872340425532
229,TPL,Texas Pacific Land Corporation,Energy,340.19000244140625,23464497152.0,0.10464406430882811,,0.14024904002441477,0.02156578763912591,2,72,0.5032551586869768,0.20793440961807688,4.6524887,0.1099,0.125,2.0,0.5047872340425532
230,VMC,Vulcan Materials Company,Basic Materials,243.05999755859375,31495407616.0,0.2210405809583179,0.3149374772084941,0.2058291601895515,-0.0564557580818143,3,55,0.26744802611341034,0.826480509766733,22.9731,0.16229999,0.0533,23.0,0.5042553191489362
231,BIIB,Biogen Inc.,Healthcare,219.8800048828125,32488151040.0,0.19867841482276904,0.08323605926305899,0.3940039732253643,0.12772663041574708,3,57,0.3275587057622163,0.6065429229256849,13.29717,0.3188,0.020499999,31.0,0.5042553191489362
232,CVX,Chevron Corporation,Energy,206.69000244140625,405443805184.0,0.037252300081318954,0.08677244833686659,-0.06764203962958991,0.1169385985549475,3,80,0.24210069364604814,0.1538711001620752,14.273895,-0.1377,-0.0508,24.0,0.5037234042553191
233,PPG,"PPG Industries, Inc.",Basic Materials,105.1500015258789,23374845952.0,0.1639114391496663,0.19964677289095856,0.1784004217657586,0.010986033907810121,3,61,0.2946724351710545,0.556249650750391,12.150606,0.096099995,0.0322,21.0,0.5037234042553191
234,TJX,"The TJX Companies, Inc.",Consumer Cyclical,132.67999267578125,145944543232.0,0.18688589036508738,0.2797709479448476,0.1432146280481657,-0.02083135616129613,3,58,0.19562437043512443,0.955330309559079,22.98078,0.099700004,0.0626,20.0,0.5026595744680851
235,AON,Aon plc,Financial Services,269.45001220703125,57157201920.0,0.2453252135186333,0.3995369935639568,0.16206243460638248,-0.07443423583719316,3,53,0.2505901197995656,0.9789899686183021,13.304518,0.086899996,0.2035,19.0,0.5026595744680851
236,SNA,Snap-on Incorporated,Industrials,368.8999938964844,19082135552.0,0.1172165932051907,0.12918291377605184,0.13782412673936342,0.0292446130559173,3,69,0.23311539573084328,0.502826477151813,17.179825,0.0798,0.044699997,9.0,0.5026595744680851
237,ABBV,AbbVie Inc.,Healthcare,262.82000732421875,464433774592.0,0.11330381061920246,0.0610194894941829,0.22256332678981608,0.03264600997116927,3,70,0.2716469561165881,0.4170995038522486,16.164665,0.1607,0.0872,28.0,0.5015957446808511
238,OTIS,Otis Worldwide Corporation,Industrials,64.05000305175781,24381872128.0,0.2299107409958724,0.35110782008971353,0.19279343924989178,-0.08747248524297667,3,54,0.22987769166344343,1.000143769202613,14.125603,0.122,0.0464,13.0,0.5010638297872341
239,LYV,"Live Nation Entertainment, Inc.",Communication Services,168.77000427246094,39316578304.0,0.24517154091878773,0.19664824842902817,0.41156070362391034,0.018674469572700157,3,53,0.30328069645898964,0.8083981070385745,86.49992,5.2746997,0.091800004,24.0,0.500531914893617
240,CRM,"Salesforce, Inc.",Technology,234.69000244140625,193149878272.0,0.11244283380611375,0.207383131161478,0.024463240160815115,0.0012608944605964512,3,70,0.4092486506445405,0.274754317769951,14.649173,-0.0438,0.097200006,54.0,0.499468085106383
241,SMCI,"Super Micro Computer, Inc.",Technology,43.689998626708984,28702816256.0,0.09987388204120262,-0.030098390204688297,0.3497025086817946,-0.04981867263387556,3,72,1.0166655711179595,0.09823671114521755,8.203278,0.22780001,0.1733,16.0,0.49946808510638296
242,IP,International Paper Company,Consumer Cyclical,31.969999313354492,16930349056.0,0.4086298600170521,0.49572039496495734,0.49463622349019515,-0.08235343791329916,3,43,0.40965131139587335,0.9975065345809814,10.587109,1.2872,0.0573,11.0,0.498936170212766
243,CF,"CF Industries Holdings, Inc.",Basic Materials,115.01000213623047,17405399040.0,0.03524842086821958,0.1102164822912941,-0.10279810631810841,0.1074634462260698,3,79,0.38331979011519907,0.09195565107041924,10.406629,-0.2697,-0.111999996,20.0,0.49840425531914895
244,META,"Meta Platforms, Inc.",Communication Services,728.0800170898438,1854788337664.0,0.09568522905863464,0.09185897338245885,0.13979164267709338,0.005524449536150188,3,72,0.39303266170380236,0.24345363218374208,20.858347,0.093,0.2056,58.0,0.4973404255319149
245,CAH,"Cardinal Health, Inc.",Healthcare,228.3000030517578,52864999424.0,0.17582004073493201,0.18411448263849928,0.1802770907230908,0.13777211775067078,3,59,0.26894297937454753,0.6537446753353378,16.239805,0.1187,0.0619,15.0,0.4968085106382979
246,AKAM,"Akamai Technologies, Inc.",Technology,108.91999816894531,15653612544.0,0.28200834609867576,0.45862268335308376,0.0944823938026175,0.13085444394145165,3,50,0.518510110810872,0.5438820578785958,15.902702,0.031600002,0.1619,22.0,0.49627659574468086
247,LII,Lennox International Inc.,Industrials,356.29998779296875,12313968640.0,0.21688713570137239,0.3385590130222613,0.17828782776089258,-0.0986207368404712,3,55,0.3751585257606108,0.578121302885619,13.663475,0.105100006,0.0623,14.0,0.4957446808510638
248,EXE,Expand Energy Corporation,Energy,85.5199966430664,19798204416.0,0.25021758039596037,0.46164645587757347,0.08100465781156091,-0.05971518517915126,3,52,0.3030834261758663,0.825573287041997,9.989545,-0.0191,0.0557,27.0,0.49414893617021277
249,GWW,"W.W. Grainger, Inc.",Industrials,1280.300048828125,60303339520.0,0.12227646767829099,0.040102123887966634,0.24482810667098082,0.11023712266309597,3,67,0.24040899777209476,0.5086185159933482,25.107897,,,14.0,0.4936170212765958
250,JKHY,"Jack Henry & Associates, Inc.",Technology,142.5399932861328,9993850880.0,0.21610029215785626,0.3310103755873921,0.14595005672081018,-0.0032494365874890627,3,55,0.25559682848137255,0.8454732926140563,18.034248,0.090500005,0.0701,18.0,0.4936170212765958
251,SWK,"Stanley Black & Decker, Inc.",Industrials,91.33999633789062,13793859584.0,0.13941966878226097,0.10675404043195025,0.20804596294923972,0.08817707689367968,3,64,0.4083828583593323,0.34139451724877956,14.317219,0.1382,0.0182,11.0,0.4904255319148936
252,IR,Ingersoll Rand Inc.,Industrials,76.06999969482422,29515116544.0,0.1726487560387356,0.245057714998836,0.1545239912675677,-0.02642332269554043,3,59,0.32443285573222685,0.5321555847020395,19.408434,0.103,0.05,13.0,0.4893617021276596
253,ICE,"Intercontinental Exchange, Inc.",Financial Services,150.14999389648438,84293378048.0,0.16558502868536162,0.2378733103921351,0.14157389915488966,-0.019349941432782024,3,60,0.22233166878119465,0.7447658248286724,17.07245,0.083000004,0.0559,15.0,0.48936170212765956
254,VST,Vistra Corp.,Utilities,140.02000427246094,46995640320.0,0.30061053588515835,0.5197076382453112,0.15516185633424395,-0.09033288636321747,3,47,0.5884639218081259,0.5108393645637552,13.508129,0.081199996,0.0734,19.0,0.4877659574468085
255,BRK-B,Berkshire Hathaway Inc.,Financial Services,502.6499938964844,1076027719680.0,0.06315752411213164,0.08955875191512752,0.05136057945453282,0.002679635636542632,3,74,0.1713173502128877,0.3686580724815606,23.223097,0.0083,0.048800003,3.0,0.4851063829787234
256,ROL,"Rollins, Inc.",Consumer Cyclical,30.15999984741211,14511345664.0,0.23999557253688786,0.4198783228334295,0.14677022068057755,-0.1420877741201936,3,52,0.24761843667017475,0.9692152804298637,23.38075,0.103999995,0.0859,17.0,0.4824468085106383
257,MDLZ,"Mondelez International, Inc.",Consumer Defensive,58.189998626708984,74268368896.0,0.1491809618751122,0.18967643295707104,0.16118999964534264,-0.013825029861954951,3,62,0.2254931978774679,0.6615763281523753,17.304033,0.1034,0.0295,22.0,0.48244680851063826
258,XOM,ExxonMobil Holdings Corporation,Energy,164.00999450683594,674394669056.0,0.04731625930358581,0.05730806541044231,-0.011858774594808469,0.1520853180436508,3,75,0.24785155537390904,0.19090563798239824,14.50511,-0.0808,-0.0085,22.0,0.4819148936170213
259,LOW,"Lowe's Companies, Inc.",Consumer Cyclical,180.8000030517578,101438570496.0,0.22831041659628534,0.38877713363821087,0.12982881715589326,-0.07678824151588491,3,53,0.2576576530865347,0.8860998843283221,13.883332,0.057800002,0.0249,33.0,0.4803191489361702
260,ARES,Ares Management Corporation,Financial Services,117.55000305175781,39000260608.0,0.21834136268479398,0.25053165617762874,0.29239493673800976,-0.06175128841549199,3,54,0.42335640409981135,0.515738891795097,16.36797,0.2313,0.1696,20.0,0.4797872340425532
261,PSX,Phillips 66,Energy,264.5799865722656,106079379456.0,0.03053816873183407,-0.02805233558449227,-0.0012447527883422682,0.3,3,76,0.33621034234378677,0.09083054530371266,10.27166,-0.0986,-0.102299996,19.0,0.47659574468085103
262,TTWO,"Take-Two Interactive Software, Inc.",Communication Services,202.72999572753906,37906546688.0,0.3463089257354159,0.41292214293224827,0.4260800084418972,-0.06186765790248165,3,41,0.31677325223849156,1.0932391648859532,19.697498,1.8697,0.0883,29.0,0.47606382978723405
263,NTRS,Northern Trust Corporation,Financial Services,171.39999389648438,31358597120.0,0.08214001539952735,0.07934659619491713,0.07838232468104767,0.10021935775801409,3,72,0.274098816737623,0.29967300252213297,13.3820305,0.0046,0.0179,13.0,0.475
264,CSX,CSX Corporation,Industrials,47.43000030517578,87862886400.0,0.13898732654523896,0.11502592577948745,0.18488306947767683,0.11176859558872233,3,63,0.24239108891657485,0.5734011393177701,20.856146,0.1368,0.050300002,23.0,0.47446808510638294
265,AVY,Avery Dennison Corporation,Consumer Cyclical,169.8699951171875,12874131456.0,0.15451983852074333,0.18796730323554245,0.16404893520237862,0.020793730547597342,3,61,0.23915625713468197,0.6461041010259864,15.186273,0.09819999,0.0311,10.0,0.47393617021276596
266,VLO,Valero Energy Corporation,Energy,406.29998779296875,116984922112.0,-0.03185009226476891,-0.09517201317926782,-0.08361167335752859,0.3,3,77,0.3701016053525155,-0.08605769822163359,10.363947,-0.18010001,-0.131,19.0,0.4728723404255319
267,FERG,Ferguson Enterprises Inc.,Industrials,223.3300018310547,43203796992.0,0.2012770696928127,0.287226067447359,0.16402389691144975,0.0017044803341718761,3,55,0.32332180265783655,0.6225286016539355,17.817722,0.1079,0.0594,21.0,0.4723404255319149
268,AIG,"American International Group, Inc.",Financial Services,74.93000030517578,39180386304.0,0.16046872510207996,0.17776591005704478,0.20915478398672263,-0.010789362145302283,3,60,0.2378214065816139,0.6747446641100048,8.506672,0.0916,0.0809,20.0,0.47127659574468084
269,MRK,"Merck & Co., Inc.",Healthcare,144.3000030517578,356012851200.0,0.23188467667207435,0.079417856589592,0.46575502286439086,0.1944099358316103,3,52,0.28978442411918576,0.8001971720077758,15.207964,2.4701,0.045900002,25.0,0.4707446808510638
270,CCI,Crown Castle Inc.,Real Estate,66.44000244140625,29034280960.0,0.30416212773829643,0.42154750947358566,0.3015474999012451,-0.08102167975954795,3,44,0.28132658769099583,1.0811709274787165,22.91082,0.2579,0.0127,21.0,0.46914893617021275
271,PH,Parker-Hannifin Corporation,Industrials,972.5499877929688,122650632192.0,0.1599957738696486,0.18789647267563558,0.1503295836764649,0.08954788830045403,3,60,0.2912274758996258,0.5493842000154979,24.673332,0.109799996,0.0765,24.0,0.46808510638297873
272,DLTR,"Dollar Tree, Inc.",Consumer Defensive,112.16000366210938,21044615168.0,0.14464556911577156,0.21968612280114153,0.06834627087778032,0.07254208605318459,3,62,0.4206813990044675,0.34383637940273054,14.175094,-0.0022,0.060500003,25.0,0.4675531914893617
273,EXPD,"Expeditors International of Washington, Inc.",Industrials,192.47000122070312,25019295744.0,0.02177025271902697,-0.06721396133763613,0.08104262236175183,0.18008210374154598,3,75,0.28549259963186085,0.07625505090884821,24.055593,0.038900003,0.001,15.0,0.46382978723404256
274,CMG,"Chipotle Mexican Grill, Inc.",Consumer Cyclical,32.36000061035156,40948928512.0,0.25245122743538806,0.357211037442031,0.23279572467814377,-0.05088529948651847,3,49,0.3833386861212854,0.6585592234108989,23.643045,0.19049999,0.1086,31.0,0.4632978723404255
275,GM,General Motors Company,Consumer Cyclical,78.2699966430664,70791413760.0,0.2858690708825305,0.33151136412156923,0.3062796711737591,0.08610335940620126,3,45,0.3607733507934186,0.7923785674685855,5.20469,0.11399999,0.024,23.0,0.4601063829787234
276,LH,Labcorp Holdings Inc.,Healthcare,308.489990234375,25018537984.0,0.11504588444218536,0.11774291197594122,0.1455014340626397,0.03499284354860572,3,66,0.23426497865753285,0.49109297130736973,15.545655,0.081199996,0.0494,16.0,0.45851063829787236
277,MAS,Masco Corporation,Industrials,68.36000061035156,13479732224.0,0.12062244882926942,0.1751511012689393,0.09549727850258513,-0.0025143285407000612,3,65,0.32947067828168025,0.3661098142583223,14.683455,0.0274,0.0273,18.0,0.45797872340425533
278,CARR,Carrier Global Corporation,Industrials,55.119998931884766,45436796928.0,0.256228299391324,0.3747855854214339,0.20422420290092785,-0.017619762231451175,3,48,0.3479914281285872,0.7363063532031727,16.639597,0.1444,0.051,22.0,0.4574468085106383
279,NTAP,"NetApp, Inc.",Technology,226.27000427246094,44443729920.0,0.04295396203169319,-0.11140453350638357,0.1606489753774822,0.28286058268510805,3,73,0.40954196888055966,0.10488293092183781,20.346302,0.111499995,0.058000002,16.0,0.45585106382978724
280,MRSH,"Marsh & McLennan Companies, Inc.",Financial Services,170.05999755859375,81154547712.0,0.15456459544058826,0.2088170819194024,0.16037458640480098,-0.039833671738621956,3,60,0.22777221851987128,0.6785928347407467,14.886452,0.0932,0.049200002,21.0,0.4553191489361702
281,T,AT&T Inc.,Communication Services,24.299999237060547,166512967680.0,0.1615494179915944,0.18698563397523338,0.20426708150689651,-0.022912516822907156,3,59,0.24007057467931467,0.6729246939463175,9.463686,0.0986,0.0217,24.0,0.45319148936170217
282,PKG,Packaging Corporation of America,Consumer Cyclical,228.5399932861328,20362524672.0,0.18091032504434917,0.13415597976097238,0.31357829870439163,0.027199537448839562,3,56,0.2738494127493535,0.6606197297561167,17.397871,0.2561,0.0738,10.0,0.45265957446808514
283,OKE,"ONEOK, Inc.",Energy,87.87999725341797,55400361984.0,0.1385461489877356,0.15498410528286977,0.1397861651430594,0.0808595903081996,3,62,0.2932271627649563,0.4724874315234936,14.090672,0.0696,-0.0323,20.0,0.449468085106383
284,MPC,Marathon Petroleum Corporation,Energy,422.3299865722656,118600720384.0,-0.007462774795397515,-0.08707507811779092,-0.02550067353286302,0.3,3,74,0.3507291589491293,-0.021277885242726384,8.680606,-0.1407,-0.119399995,18.0,0.4478723404255319
285,COO,"The Cooper Companies, Inc.",Healthcare,56.90999984741211,10821737472.0,0.11590480377437026,0.16349130517544697,0.11867671584545682,-0.04918466239508742,3,65,0.33355620471522324,0.34748207988913016,12.124634,0.036199998,0.040700004,14.0,0.4473404255319149
286,HSIC,"Henry Schein, Inc.",Healthcare,84.87999725341797,9459581952.0,0.1508257734763149,0.14593158750465496,0.184669629993229,0.08817072817571521,3,60,0.26928276740039847,0.5601018399073825,14.170402,0.1141,0.0405,15.0,0.44574468085106383
287,VTR,"Ventas, Inc.",Real Estate,84.01000213623047,43092627456.0,0.25936489534137386,0.21197687669251364,0.4094036421844025,0.06723454820384107,3,46,0.22120256102953953,1.1725221178914746,106.341774,0.79550004,0.1169,22.0,0.4441489361702128
288,ULTA,"Ulta Beauty, Inc.",Consumer Cyclical,543.6900024414062,23246809088.0,0.13704098225768443,0.16139711446699012,0.1638340044075894,-0.006663176789779401,3,62,0.3671656144606777,0.3732402405355448,16.94413,0.105,0.051599998,25.0,0.4430851063829787
289,ORLY,"O'Reilly Automotive, Inc.",Consumer Cyclical,84.9000015258789,68680769536.0,0.17765074233970907,0.26438336950181496,0.1551641923962526,-0.058989398332578775,3,56,0.23425041753110265,0.7583796187518916,23.25505,0.1122,0.061,26.0,0.44202127659574464
290,DDOG,"Datadog, Inc.",Technology,277.2200012207031,99542777856.0,0.12011684168404699,0.035571996017149,0.18752960099163965,0.24463655552265748,3,64,0.5839434045987382,0.20569945775239354,93.20011,0.1768,0.22530001,47.0,0.4414893617021276
291,RCL,Royal Caribbean Cruises Ltd.,Consumer Cyclical,277.739990234375,74282139648.0,0.20319868301469954,0.26177159329584576,0.2199208710266934,-0.031062789950440116,3,53,0.45635984916764777,0.44525977336812717,13.583104,0.1463,0.0725,27.0,0.4398936170212766
292,UNP,Union Pacific Corporation,Industrials,278.2799987792969,165319327744.0,0.14867430286769456,0.18196299210444833,0.13777657058440154,0.06314004740619913,3,60,0.23244724716863366,0.6396044895289111,19.616856,0.0868,0.045300003,24.0,0.43936170212765957
293,IRM,Iron Mountain Incorporated,Real Estate,113.38999938964844,33756522496.0,0.1899677838724525,0.27797063920990706,0.12687355158914657,0.04384480807531792,3,54,0.3313133568009758,0.5733779818196965,41.53936,0.1028,0.0881,11.0,0.43617021276595747
294,SBAC,SBA Communications Corporation,Real Estate,158.49000549316406,16813905920.0,0.245205807861606,0.4250109923161134,0.11304029097313023,-0.04575860091364169,3,46,0.3046021497576297,0.8050035367666148,19.364723,0.0614,0.024600001,20.0,0.43031914893617024
295,HD,"The Home Depot, Inc.",Consumer Cyclical,282.8500061035156,282196508672.0,0.1977989232325203,0.3335248077101307,0.12305476278665996,-0.08021765065250694,3,53,0.24092582081964067,0.8209951202390815,17.650768,0.0664,0.0341,32.0,0.4303191489361702
296,APA,APA Corporation,Energy,43.68000030517578,15303354368.0,0.03133643561247347,0.05769230030260819,-0.09623168570667529,0.24114250305670484,3,72,0.49610931269809516,0.06316437690324733,9.771375,-0.2732,-0.0962,25.0,0.42925531914893617
297,IEX,IDEX Corporation,Industrials,232.99000549316406,17175998464.0,0.11544411987653587,0.09845299783689199,0.13191440020152484,0.13365053925037454,3,64,0.26356893001420456,0.438003522912637,24.204641,0.09060001,0.059899997,14.0,0.42872340425531913
298,PEP,"PepsiCo, Inc.",Consumer Defensive,125.88999938964844,171965743104.0,0.1293024473234282,0.1864615992069163,0.11397433508029439,-0.025462463720886595,3,62,0.21524139622533137,0.6007322457064178,14.10948,0.0431,0.0279,22.0,0.4271276595744681
299,ECL,Ecolab Inc.,Basic Materials,273.70001220703125,76725944320.0,0.16027172105167276,0.18725752834165243,0.18708293598935488,0.00775952856381552,3,58,0.20737961352854486,0.7728422207210454,29.084194,0.1527,0.0794,21.0,0.42500000000000004
300,TRGP,Targa Resources Corp.,Energy,281.739990234375,60413796352.0,0.14183439265666306,0.15405289014711343,0.09357495711897762,0.21371141727642787,3,60,0.32636073992729503,0.4345939180315016,23.323639,0.0507,0.25620002,21.0,0.42021276595744683
301,UHS,"Universal Health Services, Inc.",Healthcare,175.72000122070312,10356324352.0,0.1169289642295449,0.10603766588809682,0.1996737527503073,-0.03983788118074046,3,63,0.3327876749545958,0.3513620636506391,7.3220515,0.0631,0.0479,17.0,0.4202127659574468
302,PFG,"Principal Financial Group, Inc.",Financial Services,111.95999908447266,23971155968.0,0.0821257924164994,0.001101562312753268,0.18231912472991732,0.11842211736434473,3,67,0.2598443265504859,0.31605767001629315,10.750479,0.08930001,0.085,12.0,0.41914893617021276
303,NKE,"NIKE, Inc.",Consumer Cyclical,33.869998931884766,50246103040.0,0.2087692708112377,0.19624066364697001,0.3804255399650077,-0.15,3,51,0.37463844042187516,0.5572553381765777,19.054852,0.32919997,0.0228,36.0,0.41914893617021276
304,CTSH,Cognizant Technology Solutions Corporation,Technology,58.5099983215332,26355490816.0,0.1258004930158804,0.11269871590544955,0.21137927160730066,-0.03021073332933073,3,62,0.34700292838861185,0.3625343843640283,9.235377,0.1031,0.047399998,25.0,0.4164893617021277
305,SHW,The Sherwin-Williams Company,Basic Materials,319.510009765625,77563658240.0,0.16292606858717715,0.2156398489202751,0.1644844279838284,-0.016422704448668966,3,57,0.26162727487683635,0.6227411444922026,23.492346,0.122,0.0458,22.0,0.4148936170212766
306,BAX,Baxter International Inc.,Healthcare,23.489999771118164,12144235520.0,0.14033863912778868,0.22295744060931222,0.0814922102955416,0.002250968131286757,3,60,0.4165160062875399,0.3369345643607909,11.535061,-0.0052,0.0212,11.0,0.4148936170212766
307,L,Loews Corporation,Financial Services,106.02999877929688,21675470848.0,0.13384882559233585,,0.1833507490139371,0.018344337608599614,2,61,0.18618806315738234,0.7188904773083932,36.56207,,,,0.41436170212765955
308,PHM,"PulteGroup, Inc.",Consumer Cyclical,115.7300033569336,22044985344.0,0.16795732036787014,0.21662486750083065,0.18736302324555737,-0.03954781012326852,3,56,0.34333822101451145,0.4891891146624521,10.493245,0.0921,0.0429,15.0,0.4132978723404256
309,DHR,Danaher Corporation,Healthcare,214.05999755859375,150481190912.0,0.09679225870678462,0.09654892402654114,0.13695510654065013,0.0038900626952434346,3,65,0.313401203550092,0.30884456603981736,23.012255,0.0935,0.0805,22.0,0.41329787234042553
310,DG,Dollar General Corporation,Consumer Defensive,118.94000244140625,26240161792.0,0.1473445609732804,0.18489176986041556,0.12889549208118384,0.06523502543105504,3,59,0.36155780184645375,0.40752698523113223,14.349745,0.0585,0.0404,29.0,0.41276595744680855
311,AFL,Aflac Incorporated,Financial Services,111.54000091552734,55919833088.0,0.08316214689253369,0.06269794716757193,0.14441337581142688,0.008456611831655447,3,66,0.1972090603693432,0.42169536600794805,14.76813,0.0767,0.0138,15.0,0.4085106382978724
312,DPZ,"Domino's Pizza, Inc.",Consumer Cyclical,297.6199951171875,9845620736.0,0.1780600764555668,0.2647248376299114,0.1678307376138818,-0.08695400349498347,3,54,0.29280350707411557,0.6081213925162977,14.261296,0.097600006,0.0232,27.0,0.4074468085106383
313,GEV,GE Vernova Inc.,Industrials,988.7000122070312,263324024832.0,0.09310872276195477,0.24440273572320903,-0.1647413475330148,0.19044551024603626,3,65,0.5389927664991311,0.1727457742461278,39.27346,-0.1898,0.1408,33.0,0.40691489361702127
314,ACGL,Arch Capital Group Ltd.,Financial Services,93.5999984741211,31939045376.0,0.14477353614372204,0.19011476299114327,0.1373622880261134,0.01092902559340485,3,59,0.241274209982422,0.6000373440421565,9.5820055,0.033,0.0098,19.0,0.4053191489361702
315,FDS,FactSet Research Systems Inc.,Financial Services,266.0,9460434944.0,0.16539492414289197,0.04346804511278202,0.4176192857142857,-0.01670565608999336,3,56,0.37844581849010644,0.43703726151017264,12.24653,0.344,0.059499998,16.0,0.40478723404255323
316,AOS,A. O. Smith Corporation,Industrials,56.75,7712811520.0,0.1643349521073217,0.2318782378854627,0.16480546255506606,-0.0619071915312184,3,56,0.2582714289431935,0.6362877720534353,13.8878355,0.0928,0.0395,11.0,0.40372340425531916
317,BMY,Bristol-Myers Squibb Company,Healthcare,61.150001525878906,124912001024.0,0.08013454710910868,0.09089662036670254,0.05215633419766533,0.10954346637716363,3,66,0.283889392567395,0.2822738334264632,9.3147745,-0.0552,-0.0328,24.0,0.4031914893617021
318,FTNT,"Fortinet, Inc.",Technology,180.9499969482422,132765483008.0,0.03960363861806888,-0.09190692030240322,0.11587742505505855,0.3,3,69,0.42669776838401374,0.09281426234792708,47.89863,0.095,0.11350001,36.0,0.4015957446808511
319,NDSN,Nordson Corporation,Industrials,333.5400085449219,18577967104.0,0.08973939628127435,0.04849280758143215,0.1257244458457566,0.1432629096302898,3,65,0.25829495943650305,0.3474299168557143,25.690796,0.0868,0.0515,7.0,0.399468085106383
320,PAYX,"Paychex, Inc.",Technology,98.94000244140625,35220709376.0,0.11595932343871461,0.1514914815922932,0.13637004085666363,-0.050106211048428384,3,62,0.269906383965165,0.4296279388992915,15.487059,0.0718,0.0547,14.0,0.3973404255319149
321,CMCSA,Comcast Corporation,Communication Services,21.56999969482422,76544090112.0,0.22567970163203213,0.3349661755864324,0.19562763332075325,-0.06848705215631799,3,45,0.30059861977726376,0.7507675910130768,6.0158467,0.0294,-0.021,23.0,0.3973404255319149
322,FFIV,"F5, Inc.",Technology,454.0400085449219,25711007744.0,0.026655827314127325,-0.03951195535039931,0.08281314346709497,0.1161813651722916,3,69,0.3319399776503114,0.0803031545124957,25.117334,0.043,0.0764,10.0,0.3930851063829787
323,LDOS,"Leidos Holdings, Inc.",Technology,117.73999786376953,14775452672.0,0.20061351296080554,0.33967507101965944,0.1365919992853463,-0.11354148199263579,3,50,0.330015167359739,0.6078917965068046,9.234292,0.028299998,0.047399998,15.0,0.3930851063829787
324,EIX,Edison International,Utilities,53.88999938964844,20737626112.0,0.17284560383751507,0.21676434853690907,0.18285652391246796,0.003090974664645052,3,54,0.35573867382296515,0.4858780238314275,8.28799,0.0622,0.0342,14.0,0.3925531914893617
325,DELL,Dell Technologies Inc.,Technology,562.52001953125,357657378816.0,0.08230780712231596,0.03811416433963721,0.05214492843570672,0.3,3,65,0.6438768530317597,0.12783159813054512,19.319212,0.0083,0.16540001,25.0,0.39095744680851063
326,PPL,PPL Corporation,Utilities,32.79999923706055,24683470848.0,0.16154442371141411,0.22332319918663202,0.15210823321012712,-0.02236705003630921,3,56,0.18104106779628215,0.8923081689575164,15.477904,0.0875,0.058000002,16.0,0.3898936170212766
327,UPS,"United Parcel Service, Inc.",Industrials,93.0199966430664,79139700736.0,0.2017884643549079,0.2429088816637559,0.20705080440890888,0.05244161319941234,3,49,0.3087852334489466,0.6534913023561759,11.52727,0.120299995,0.0379,26.0,0.3888297872340426
328,EMR,Emerson Electric Co.,Industrials,161.61000061035156,90146062336.0,0.102150333104254,0.0746748304193463,0.15287933279219598,0.07536767611541506,3,63,0.31413331402132777,0.32518147087487387,22.232431,0.1079,0.056199998,28.0,0.3882978723404255
329,J,Jacobs Solutions Inc.,Industrials,138.05999755859375,16158350336.0,0.15392656881757116,0.1772659197029145,0.19747961861647453,-0.025495050331014513,3,57,0.28952436774672213,0.5316532422315042,16.700172,0.1376,0.0432,15.0,0.3861702127659574
330,DGX,Quest Diagnostics Incorporated,Healthcare,233.3300018310547,25753415680.0,0.0897598508550187,0.06172947351782998,0.12918199505150407,0.09120943885384859,3,64,0.2362008896509286,0.3800148720340174,19.349098,0.0775,0.047,15.0,0.3851063829787234
331,AME,"AMETEK, Inc.",Industrials,251.92999267578125,57757786112.0,0.13824936025691623,0.11252243936155959,0.18895897383989468,0.10568333154782203,3,59,0.23369945034330253,0.5915690432897,26.206156,0.1508,0.1877,18.0,0.3840425531914894
332,EQT,EQT Corporation,Energy,50.16999816894531,31382138880.0,0.18106731073787927,0.3392926540226848,0.04499079421437307,-0.028838628323291503,3,52,0.3492278868593593,0.5184789575833574,13.315781,-0.0346,-0.014099999,26.0,0.38351063829787235
333,FTV,Fortive Corporation,Technology,57.470001220703125,17356920832.0,0.11098805216541363,0.11362447608482906,0.13516168715564603,0.045794824123486566,3,62,0.26455244850334986,0.4195313738100151,17.679813,0.078600004,0.0392,14.0,0.3803191489361702
334,INTC,Intel Corporation,Technology,119.33000183105469,630790946816.0,0.16339433051857793,-0.02478766266376542,0.3736804624298876,0.3,3,55,0.704202185130064,0.23202758237451293,57.86876,0.35639998,0.1416,43.0,0.3797872340425532
335,PRU,"Prudential Financial, Inc.",Financial Services,112.5999984741211,38847000576.0,0.06561178790005398,0.007104809384724575,0.15786927254679514,0.04536758544208932,3,65,0.25247527812598924,0.25987410881200274,7.5775213,0.025899999,0.018099999,15.0,0.37606382978723407
336,CNC,Centene Corporation,Healthcare,62.9900016784668,31116746752.0,0.16696012960884288,0.13951068562262514,0.17969854806398788,0.22873529983423038,3,54,0.5228931590513471,0.3193006577323527,11.778764,0.094799995,-0.0162,18.0,0.37446808510638296
337,CNP,"CenterPoint Energy, Inc.",Utilities,37.790000915527344,24893038592.0,0.14841198752853735,0.19234768214800457,0.14763683380336512,0.0037683641557151536,3,57,0.17596286887489054,0.843427869058319,18.103863,0.0924,0.0414,17.0,0.3734042553191489
338,AMGN,Amgen Inc.,Healthcare,403.0400085449219,217896321024.0,0.04481057044945422,-0.030012426281431193,0.12106139508627706,0.11630196873315228,3,66,0.28281427703626205,0.1584452203723388,16.484947,0.060399998,0.0352,29.0,0.37127659574468086
339,CEG,Constellation Energy Corporation,Utilities,257.489990234375,91230609408.0,0.20342101952372432,0.3263894246495853,0.14863077762353286,-0.0786297664620322,3,46,0.5521358354988277,0.3684256779673491,19.330849,0.09689999,0.0341,20.0,0.3707446808510639
340,MCD,McDonald's Corporation,Consumer Cyclical,231.88999938964844,164095000576.0,0.17758592597202902,0.2816719167806738,0.13181011702265355,-0.06255715584157752,3,52,0.18951784440469735,0.9370406598378733,16.775675,0.0722,0.0342,29.0,0.3707446808510638
341,ADP,"Automatic Data Processing, Inc.",Technology,257.67999267578125,102106095616.0,0.1047234010154508,0.1161130401065511,0.14499643115815444,-0.027212466287858703,3,62,0.23829295403441889,0.4394733425492917,19.232088,0.093,0.0573,15.0,0.36968085106382975
342,A,"Agilent Technologies, Inc.",Healthcare,167.77999877929688,47308226560.0,0.07748416448600907,0.04422458740426882,0.13017958661633938,0.06539343645437252,3,64,0.32239807093915684,0.24033693582686458,24.826468,0.089899994,0.0647,20.0,0.3691489361702127
343,NOC,Northrop Grumman Corporation,Industrials,478.0,67906125824.0,0.19958947006501318,0.3372956066945607,0.11380964635146443,-0.059278063368531475,3,47,0.27250719223334713,0.732419091141291,15.69621,0.050100002,0.066599995,22.0,0.36861702127659574
344,TT,Trane Technologies plc,Industrials,463.9100036621094,102070960128.0,0.1392883664216055,0.13529272023115224,0.19206546714010542,0.02946061871328316,3,58,0.2836392279382919,0.49107581992117416,26.339725,0.1541,0.0955,22.0,0.3675531914893617
345,TRV,"The Travelers Companies, Inc.",Financial Services,360.3800048828125,75166269440.0,0.004365428593064026,0.00021736810068850865,-0.028948781882165125,0.0959254546765171,3,67,0.2296078196745751,0.019012543210641435,11.883368,-0.11310001,0.0292,24.0,0.3670212765957447
346,HUBB,Hubbell Incorporated,Industrials,475.5199890136719,25122945024.0,0.15379295357644102,0.17888482703485775,0.16867046292546084,0.03543918690067236,3,56,0.319289281853962,0.48167277236316236,20.716602,0.1204,0.1028,12.0,0.36648936170212765
347,MET,"MetLife, Inc.",Financial Services,94.43000030517578,60008087552.0,0.14536618911105118,0.12120088592435296,0.2183415052609144,0.05564146205036451,3,57,0.26469130647135625,0.5491913997817004,8.489975,0.100600004,0.0495,16.0,0.3638297872340426
348,HRL,Hormel Foods Corporation,Consumer Defensive,20.25,11144603648.0,0.19049131565462676,0.2808641975308641,0.16110642475308642,-0.042186878495903614,3,48,0.2696716725114394,0.7063823718694301,12.885532,0.083500005,0.0271,8.0,0.3627659574468085
349,EQIX,"Equinix, Inc.",Real Estate,1025.719970703125,101209522176.0,0.1384866065562079,0.203246144416948,0.05985310272962327,0.10609965594910499,3,58,0.2607843074990858,0.5310388799245268,55.086998,0.0417,0.108,31.0,0.36223404255319147
350,SBUX,Starbucks Corporation,Consumer Cyclical,94.70999908447266,107969396736.0,0.17903255035729732,0.1811495204453033,0.23334890695032853,0.0452378180135379,3,51,0.3013359553060342,0.5941294001091686,30.329037,0.20040001,0.0146,30.0,0.3617021276595745
351,IT,"Gartner, Inc.",Technology,184.8000030517578,11669931008.0,0.065466219654224,0.0019147561818118053,0.21822104832172728,-0.07912350232857633,3,64,0.485616190148105,0.13481061995535584,11.296748,0.1297,0.040799998,13.0,0.35851063829787233
352,PYPL,"PayPal Holdings, Inc.",Financial Services,52.79999923706055,45168332800.0,0.09396426681646551,0.07797709890968285,0.18267045612870497,-0.059726281889484374,3,62,0.40486404104275475,0.23208844770321954,9.126548,0.0731,0.042,32.0,0.3579787234042553
353,ETR,Entergy Corporation,Utilities,100.91000366210938,48212525056.0,0.18453511162609523,0.21172327383348377,0.21098368659951447,0.03219456266348868,3,49,0.238978426203904,0.7721831403670053,19.769218,0.1604,0.095,20.0,0.35585106382978726
354,AAPL,Apple Inc.,Technology,333.69000244140625,4869931925504.0,0.04565344107817389,-0.016770542720676462,0.11439666435895526,0.09333253275251856,3,65,0.2881019645154998,0.1584627899186635,34.821583,0.0857,0.104899995,39.0,0.35585106382978726
355,DHI,"D.R. Horton, Inc.",Consumer Cyclical,135.0,37759672320.0,0.14136217885356223,0.17264962962962982,0.18395674074074075,-0.062316634803413005,3,57,0.36454080761064234,0.38778149360043096,11.6081,0.0991,0.0479,13.0,0.35425531914893615
356,KVUE,Kenvue Inc.,Consumer Defensive,17.200000762939453,33037305856.0,0.1158925380676774,0.13372087994416337,0.12068197654684992,0.045289375361321556,3,60,0.287689897212354,0.4028384006204189,13.873095,0.048600003,0.0238,12.0,0.35319148936170214
357,RF,Regions Financial Corporation,Financial Services,27.100000381469727,23087290368.0,0.16407729754537695,0.19308116401755204,0.18322140573570167,0.022728156860702307,3,53,0.27510127431122533,0.5964250727524961,9.521869,0.078200005,0.0478,20.0,0.3484042553191489
358,ABT,Abbott Laboratories,Healthcare,97.5,168712372224.0,0.16343439596949616,0.23675487179487176,0.1612131282051282,-0.07578423199823053,3,53,0.24564353645401035,0.6653315545312324,16.074652,0.099,0.0862,25.0,0.3452127659574468
359,INVH,Invitation Homes Inc.,Real Estate,26.040000915527344,15379829760.0,0.11313609319603016,0.2873171590409347,-0.07930007776473984,-0.018449727378521606,3,60,0.20984963439921211,0.5391293319139322,36.630142,-0.1066,0.0197,23.0,0.3425531914893617
360,LIN,Linde plc,Basic Materials,479.4800109863281,221030776832.0,0.1187907390873791,0.13164258690123298,0.14606013928434156,0.012322645914953778,3,59,0.18822076843198332,0.6311245038312873,24.515099,0.1082,0.048800003,25.0,0.3414893617021276
361,TGT,Target Corporation,Consumer Defensive,156.0,70870294528.0,0.06251255163025494,0.05561839743589747,-0.006394683487179489,0.24627661421879352,3,63,0.35612543647623757,0.17553520537257689,16.33845,-0.067600004,0.033,34.0,0.3404255319148936
362,ELV,"Elevance Health, Inc.",Healthcare,386.42999267578125,83804798976.0,0.14969762879296755,0.1680794931948082,0.16384220314126602,0.05542074064080238,3,55,0.36053321461856863,0.41521175504271457,13.081779,0.0874,0.019,21.0,0.3404255319148936
363,PTC,PTC Inc.,Technology,144.02999877929688,15628156928.0,0.14443066090523082,0.20954336927371653,0.1503990285057447,-0.08653789139092058,3,56,0.3474257159893148,0.4157166676449271,16.129286,0.0884,0.0638,19.0,0.33989361702127663
364,VTRS,Viatris Inc.,Healthcare,17.600000381469727,20215199744.0,0.16234470718621494,0.10227270338160976,0.21409147398056824,0.2418422640147412,3,53,0.3443272656052999,0.47148374062340337,6.583648,0.0622,0.0168,10.0,0.33776595744680854
365,ROK,"Rockwell Automation, Inc.",Industrials,454.3500061035156,50557321216.0,0.09453386969473687,0.04870692989809822,0.15962090854996602,0.09542057835466437,3,61,0.32546059908762137,0.29046179463734784,30.468382,0.1268,0.0579,25.0,0.3377659574468085
366,MSI,"Motorola Solutions, Inc.",Technology,447.4100036621094,74043580416.0,0.13732265306321909,0.17768734647678874,0.13972924798497427,-0.0028417131327752253,3,57,0.2446518255193323,0.5612982971687163,23.025957,0.0963,0.089099996,11.0,0.33723404255319145
367,JCI,Johnson Controls International plc,Industrials,156.24000549316406,94641045504.0,0.13565221896988416,0.06118787871685161,0.2426579863379933,0.1341865626210715,3,57,0.30610172337803615,0.44316058554937776,25.728683,0.2036,0.0813,20.0,0.33404255319148934
368,CDW,CDW Corporation,Technology,133.2899932861328,16663571456.0,0.15397786212339007,0.19038696070297823,0.18654352618509762,-0.04337234928588811,3,54,0.40209846490533885,0.38293571242466495,11.09342,0.0964,0.0367,9.0,0.33297872340425533
369,PLD,"Prologis, Inc.",Real Estate,128.91000366210938,125312303104.0,0.12662161768346306,0.22745144290542685,0.018657806738289366,0.042437759148989104,3,58,0.2563709632200611,0.4938999959007639,38.673042,-0.0072000003,0.0657,13.0,0.33244680851063835
370,WRB,W. R. Berkley Corporation,Financial Services,68.9800033569336,25607276544.0,0.07718431982891581,0.005406445707702767,0.2204844871044754,-0.017923156743346446,3,62,0.2245521870285525,0.3437255314690014,14.187519,,,17.0,0.3324468085106383
371,O,Realty Income Corporation,Real Estate,54.130001068115234,51218784256.0,0.10631822124382567,0.2274243245699128,-0.014009440802601577,-0.016604245068134516,3,60,0.17500740091509437,0.6075070007776782,34.85467,-0.0427,0.066300005,21.0,0.33085106382978724
372,FE,FirstEnergy Corp.,Utilities,43.34000015258789,25078255616.0,0.15819725129843518,0.2151977345310463,0.14705260705159195,-0.005800189567634384,3,53,0.18413764740074073,0.8591249727121191,14.694514,0.079,0.0493,12.0,0.3281914893617021
373,EG,"Everest Group, Ltd.",Financial Services,368.2699890136719,14120478720.0,0.15103995738134934,0.11568960886667967,0.25853150619877185,0.018060838522929033,3,54,0.2492672553959111,0.6059358143188628,6.145088,0.0958,-0.0189,16.0,0.32765957446808514
374,COR,"Cencora, Inc.",Healthcare,309.04998779296875,58975133696.0,0.15794572333298734,0.19479053416872794,0.1731517902705158,-0.0003511356403809285,3,53,0.26982560511216824,0.5853622500626962,15.588029,0.109,0.0473,12.0,0.3271276595744681
375,BF-B,Brown-Forman Corporation,Consumer Defensive,26.15999984741211,12003889152.0,0.06652889347202338,0.08023012862500134,0.07771414511302237,-0.00524081086690078,3,62,0.38675179982875035,0.1720196092209052,15.263879,0.012200001,0.0183,17.0,0.326063829787234
376,CTAS,Cintas Corporation,Industrials,193.02000427246094,77114769408.0,0.11397146078916129,0.1310356189394597,0.1439187601883138,-0.012786098309855887,3,59,0.24269829251515795,0.46960141172828024,31.329533,0.111999996,0.0753,16.0,0.325531914893617
377,KMI,"Kinder Morgan, Inc.",Energy,31.06999969482422,69186740224.0,0.10010971256603093,0.1615999470386924,0.03691161941328556,0.0426044816802319,3,60,0.23508374898189535,0.42584701409428666,20.11602,-0.0128,0.0224,22.0,0.3223404255319149
378,FAST,Fastenal Company,Industrials,50.75,58235502592.0,0.032258999755987096,-0.03766581280788184,0.1348430541871921,0.025978914629405204,3,63,0.25438918675209454,0.12680963435534662,36.177902,0.1073,0.0926,13.0,0.3159574468085106
379,LYB,LyondellBasell Industries N.V.,Basic Materials,58.58000183105469,18923563008.0,0.059928672163047855,0.15980160253226083,-0.09384329454385001,0.08582015991509963,3,62,0.410468152779361,0.14600078412237094,9.420036,-0.3174,-0.035,17.0,0.31542553191489364
380,COST,Costco Wholesale Corporation,Consumer Defensive,920.6500244140625,408092835840.0,0.11790253239233682,0.1491260217728403,0.12261042126554551,0.0028391604198382933,3,58,0.20721303410287112,0.5689918730392413,36.8047,0.0955,0.0744,35.0,0.31542553191489364
381,SJM,The J. M. Smucker Company,Consumer Defensive,117.19000244140625,12518608896.0,0.13999695126534717,0.21277410221969228,0.08003968607962017,0.037306733517559754,3,55,0.29114205312581165,0.4808544480685175,10.729937,0.0029,0.012,16.0,0.3117021276595745
382,EL,The Estée Lauder Companies Inc.,Consumer Defensive,91.97000122070312,33322827776.0,0.1628904710597651,0.16478969857711823,0.21942984612464592,0.024634504183866035,3,51,0.5018949230705779,0.3245509439768909,23.5129,0.1769,0.0428,28.0,0.31170212765957445
383,PSA,Public Storage,Real Estate,283.80999755859375,53030547456.0,0.10654770894768698,0.18154167536247234,0.04292020043256444,0.005032007433688324,3,59,0.23173152870564248,0.45978943626194885,28.801678,0.0082,0.0817,18.0,0.31063829787234043
384,NWS,News Corporation,Communication Services,31.649999618530273,17067616256.0,0.13369728369572906,,0.19336366566257165,-0.005524274226903636,2,56,0.2534938722429984,0.5274182074411932,20.936417,0.1456,0.0348,,0.3090425531914894
385,BBY,"Best Buy Co., Inc.",Consumer Cyclical,87.97000122070312,18449745920.0,0.051335313266160205,-0.011594875600195786,0.13779624758334574,0.05936042941391395,3,62,0.40250548885507254,0.12753941172872843,12.19568,0.0558,0.0150999995,20.0,0.3079787234042553
386,SPG,"Simon Property Group, Inc.",Real Estate,200.9499969482422,76285337600.0,0.1563025408587612,0.16668048549602532,0.19150654442828668,0.03956671707232133,3,52,0.22770877044753784,0.6864142323177314,29.667828,0.1578,0.0376,18.0,0.3069148936170213
387,IQV,IQVIA Holdings Inc.,Healthcare,258.2099914550781,42501365760.0,0.13141571751073497,0.11822493147106883,0.1722470565776605,0.08011187982012913,3,56,0.3991080248379111,0.3292735533546502,17.84215,0.1162,0.060700003,19.0,0.3069148936170213
388,ATO,Atmos Energy Corporation,Utilities,157.1699981689453,26559932416.0,0.12954836059302777,0.17706942899585476,0.12368436655165682,-0.015172547986529993,3,56,0.16459877163453507,0.7870554519122958,17.42635,0.066300005,0.1224,11.0,0.3037234042553192
389,JNJ,Johnson & Johnson,Healthcare,256.0299987792969,617006301184.0,0.11361833801895331,0.090781319890326,0.14258866561671482,0.12214430071960078,3,58,0.19246131013837656,0.5903437835753252,21.093262,0.0952,0.0739,22.0,0.300531914893617
390,MKC,"McCormick & Company, Incorporated",Consumer Defensive,44.66999816894531,12019109888.0,0.13874848050434335,0.22780730351874467,0.11205948358544325,-0.09583993673289418,3,54,0.2693629428296877,0.5150986213870963,13.8967085,0.0401,0.0299,13.0,0.28936170212765955
391,KO,The Coca-Cola Company,Consumer Defensive,85.6500015258789,368513318912.0,0.10504723817981704,0.10510412508750644,0.10927209500497803,0.09499961589547667,3,58,0.17958255046231206,0.584952368197169,24.288364,0.0681,0.0025,23.0,0.2845744680851064
392,REG,Regency Centers Corporation,Real Estate,71.5999984741211,13386245120.0,0.12142648997063155,0.20266915970848465,0.053016341530492804,0.01024127053811159,3,56,0.17642858597217692,0.6882472548398745,28.444529,0.0179,0.041500002,18.0,0.2845744680851064
393,NI,NiSource Inc.,Utilities,39.43000030517578,18909054976.0,0.17452193202291566,0.2460900233254757,0.15479054975595613,-0.017998480362712243,3,42,0.19139174123568992,0.9118571726039114,17.516037,0.09770001,0.052399997,15.0,0.28404255319148936
394,DTE,DTE Energy Company,Utilities,124.44999694824219,25896558592.0,0.16248127607406648,0.2256786158334616,0.1523126975099789,-0.024449839807712936,3,48,0.17596756694737936,0.9233592240475441,14.87814,0.0851,0.0339,14.0,0.28191489361702127
395,APD,"Air Products and Chemicals, Inc.",Basic Materials,277.57000732421875,61810827264.0,0.1681650446762889,0.24330889827334956,0.12511159930488047,0.018143571886039742,3,45,0.26156156056492563,0.642927211143269,19.22648,0.0731,0.058000002,19.0,0.2803191489361702
396,ITW,Illinois Tool Works Inc.,Industrials,262.9200134277344,74879623168.0,0.11869569832054716,0.14347647438651157,0.1293555261841176,0.01122017975233478,3,56,0.21816749591713938,0.5440576646010922,21.223286,0.082200006,0.038,14.0,0.2781914893617021
397,CL,Colgate-Palmolive Company,Consumer Defensive,84.26000213623047,67169783808.0,0.12686171738993182,0.17018748516745585,0.10736508302919734,0.027934638306565483,3,55,0.2173873556382668,0.5835745000782386,20.548613,0.0587,0.031,20.0,0.27553191489361706
398,PSKY,Paramount Skydance Corporation,Communication Services,9.5,10658484224.0,0.17154911374242102,0.044671578947368396,0.48903578947368426,-0.14632801364701783,3,41,0.5353543867598541,0.3204402877516224,11.231439,0.5805,0.0211,16.0,0.275
399,ED,"Consolidated Edison, Inc.",Utilities,103.38999938964844,38236581888.0,0.07874231374602413,0.06060789870726069,0.12706768583394323,0.02643116233675773,3,59,0.1852569490897022,0.42504377910216345,15.906424,0.0642,0.0493,16.0,0.2712765957446809
400,DE,Deere & Company,Industrials,687.0,185232654336.0,0.13015570575967722,0.00703624454148466,0.2926280058224163,0.16145187634059469,3,54,0.3060367157710331,0.42529441420700503,30.074898,0.2594,0.086899996,23.0,0.2702127659574468
401,EVRG,"Evergy, Inc.",Utilities,79.16999816894531,18254002176.0,0.1251116297140515,0.15287017949941073,0.12946111033953073,0.022434342303402376,3,55,0.16355780477723153,0.7649383035218382,17.34271,0.0718,0.0583,11.0,0.26914893617021274
402,SOLV,Solventum Corporation,Healthcare,87.8499984741211,14954153984.0,0.07669557036795095,0.06913012670874341,0.09430301793493955,0.06082967157566943,3,59,0.3015115444205575,0.25437026139527724,12.150223,0.012,0.0356,13.0,0.2680851063829787
403,ADM,Archer-Daniels-Midland Company,Consumer Defensive,80.44999694824219,38773645312.0,0.053058789799092745,-0.0006214661297544444,0.10138005239388502,0.11924336350740145,3,60,0.27767631165352497,0.19108144113242795,14.188413,0.0309,0.0482,10.0,0.2680851063829787
404,SYY,Sysco Corporation,Consumer Defensive,77.48999786376953,37161746432.0,0.12927232760553933,0.17219425092369445,0.12733783904901252,-0.009286943489748479,3,54,0.24179739107063605,0.5346307792368824,14.442969,0.0581,0.0279,12.0,0.26489361702127656
405,KR,The Kroger Co.,Consumer Defensive,59.029998779296875,34862448640.0,0.12752394586875332,0.1542666679487874,0.15584626654155648,-0.02770387596790098,3,54,0.27229785649552646,0.4683251917954352,10.712801,0.0625,0.011,22.0,0.26170212765957446
406,HCA,"HCA Healthcare, Inc.",Healthcare,426.69000244140625,92379029504.0,0.08889873386948677,0.0645369176709858,0.1607329743298742,0.002491560123586045,3,58,0.2975345892247667,0.29878453493798646,13.327474,0.0857,0.0398,22.0,0.2611702127659575
407,CLX,The Clorox Company,Consumer Defensive,80.41000366210938,9724062720.0,0.16404102172333274,0.24435785901038942,0.15997826386802033,-0.09420200090446067,3,42,0.26783008529207275,0.6124816842157352,12.857063,0.082200006,0.0238,17.0,0.2553191489361702
408,VRSN,"VeriSign, Inc.",Technology,288.32000732421875,26064128000.0,0.1252585879764151,0.12513870615717937,0.17116520743386465,0.018542748639818574,3,54,0.27060925464768626,0.46287621663011025,26.064638,0.13350001,0.097399995,5.0,0.2531914893617021
409,CB,Chubb Limited,Financial Services,330.8900146484375,127657328640.0,0.10915942650514338,0.10558210826845649,0.13706708790177968,0.05596594403528161,3,56,0.19962209494952793,0.5468303823419098,11.3421,0.048899997,0.039300002,23.0,0.2526595744680851
410,KIM,Kimco Realty Corporation,Real Estate,22.239999771118164,14918355968.0,0.14601510407649104,0.20921134337978908,0.10766762631575111,0.024838421173890745,3,50,0.2080880252600433,0.701698734917682,24.711111,0.0672,0.0336,21.0,0.25159574468085105
411,HLT,Hilton Worldwide Holdings Inc.,Consumer Cyclical,319.3599853515625,71876730880.0,0.12987929117752506,0.10533572204233854,0.18893746645150578,0.07388877932219182,3,53,0.2445387904242245,0.5311193817234935,30.546032,0.15619999,0.0862,26.0,0.25053191489361704
412,BXP,"BXP, Inc.",Real Estate,60.45000076293945,10934040576.0,0.1577263177945387,0.2630272793446924,0.0968712194168038,-0.051281657824592285,3,45,0.2976306161382395,0.529939828909537,27.195185,0.060100004,0.0214,20.0,0.24627659574468086
413,PM,Philip Morris International Inc.,Consumer Defensive,187.4600067138672,292177674240.0,0.1149718801696866,0.11028124690984309,0.14292795087396165,0.06537649272585655,3,55,0.2778882514242659,0.4137342243884693,20.39653,0.0939,0.0581,15.0,0.24574468085106382
414,SO,The Southern Company,Utilities,83.72000122070312,96308396032.0,0.12818481325700967,0.17214021224515985,0.1316056608721422,-0.026315161138800103,3,53,0.17602086039603274,0.7282364883832756,17.005165,0.0728,0.0592,19.0,0.24414893617021277
415,CHD,"Church & Dwight Co., Inc.",Consumer Defensive,94.30999755859375,22370699264.0,0.10060408181581704,0.11446572707945712,0.11278708625236625,0.02597158725173525,3,56,0.21877007403349782,0.45986217383833156,23.371536,0.07,0.0427,19.0,0.2398936170212766
416,ETN,Eaton Corporation plc,Industrials,436.1099853515625,169385115648.0,0.14103700093612787,0.10330929389777177,0.23228994039548362,0.05387249899215147,3,50,0.37779234905411,0.3733188384816326,26.888998,0.19510001,0.122700006,26.0,0.2377659574468085
417,NSC,Norfolk Southern Corporation,Industrials,317.44000244140625,71299678208.0,0.125501418899918,0.13879787430611068,0.14980874721432502,0.02446280147899269,3,53,0.23758502689712124,0.5282379135544701,22.2179,0.10479999,0.041100003,18.0,0.23563829787234042
418,DRI,"Darden Restaurants, Inc.",Consumer Cyclical,200.3300018310547,22745821184.0,0.14576948241259724,0.17026904536102117,0.16369721902192785,0.02227288716274616,3,48,0.2841650621996934,0.5129746819831059,16.155815,0.1018,0.0608,25.0,0.2351063829787234
419,RSG,"Republic Services, Inc.",Industrials,209.55999755859375,64169992192.0,0.13401136553601695,0.17150220872357713,0.14616025549578687,-0.01930552166198015,3,51,0.18799748595209564,0.7128359448921827,26.000872,0.107700005,0.0476,24.0,0.2297872340425532
420,DUK,Duke Energy Corporation,Utilities,114.12999725341797,88987410432.0,0.14077154798191763,0.19259715478459571,0.13153510183634243,-0.010428767020667251,3,49,0.16994748902632567,0.8283237886504545,15.914671,0.0687,0.045900002,18.0,0.22925531914893618
421,TMO,Thermo Fisher Scientific Inc.,Healthcare,654.7999877929688,242110529536.0,0.05768781613895692,-0.0029839459825807824,0.13847124391198073,0.07143235840702707,3,58,0.30694677635403705,0.18794077860722969,23.769205,0.0964,0.0512,26.0,0.2271276595744681
422,HST,"Host Hotels & Resorts, Inc.",Real Estate,22.559999465942383,15673028608.0,0.026165266266110307,0.1210252924952171,-0.15320966201291064,0.12850667815346986,3,59,0.27020278121835684,0.0968356659695726,21.371933,-0.2315,0.0026,20.0,0.225531914893617
423,EXC,Exelon Corporation,Utilities,40.72999954223633,41962242048.0,0.14128309616458073,0.19149056089911842,0.1381961216338668,-0.018872179045545754,3,48,0.1917919057061794,0.7366478561458326,13.405522,0.0636,0.031,17.0,0.22340425531914895
424,NOW,"ServiceNow, Inc.",Technology,134.3800048828125,138930388992.0,0.12144175350440509,0.07897458499456333,0.2680489196169111,-0.079084405725303,3,52,0.4940583156401745,0.24580449242524605,26.846416,0.2308,0.1878,46.0,0.2154255319148936
425,QCOM,QUALCOMM Incorporated,Technology,184.8699951171875,197452333056.0,0.04103554401502785,0.05010729229987021,0.028495597363767826,0.04005625858516004,3,58,0.46439510266989686,0.08836342971557323,18.117386,-0.026700001,0.0475,30.0,0.21329787234042555
426,EXR,Extra Space Storage Inc.,Real Estate,133.25,29408614400.0,0.12093739431477245,0.18911819887429626,0.07681185741088181,-0.0033723681078954735,3,52,0.2475134293610983,0.48860942465605134,27.69188,0.0404,0.028199999,20.0,0.21223404255319148
427,LNT,Alliant Energy Corporation,Utilities,64.33000183105469,16679785472.0,0.14780966337004872,0.20278249335674614,0.13411742014190364,-0.0034845357199374204,3,44,0.1801308219699193,0.8205684166296203,17.446701,0.076799996,0.0584,12.0,0.21170212765957447
428,AEP,"American Electric Power Company, Inc.",Utilities,119.56999969482422,65093595136.0,0.1463032235957163,0.19197959658579333,0.13174582267709756,0.028015915772236454,3,44,0.1917430970825067,0.7630169003307706,17.43806,0.0744,0.067,20.0,0.2074468085106383
429,AEE,Ameren Corporation,Utilities,99.94000244140625,27667716096.0,0.13819397529741945,0.17945764579212264,0.13927772520988851,-0.0018803428140189648,3,47,0.17648768586021385,0.7830233289300154,17.227262,0.0809,0.0638,16.0,0.20159574468085106
430,KMB,Kimberly-Clark Corporation,Consumer Defensive,94.36000061035156,31382159360.0,0.13877170983578482,0.23145399796926802,0.09092346232012369,-0.05852333973928311,3,46,0.23906265468380883,0.580482593650306,12.613691,0.0117999995,0.026500002,15.0,0.20053191489361702
431,VZ,Verizon Communications Inc.,Communication Services,45.91999816894531,190787272704.0,0.12111894851444102,0.11422521864562962,0.16754307650420897,0.03577508276768713,3,51,0.233411094495776,0.5189082754446057,8.696212,0.052399997,0.0185,23.0,0.2
432,BDX,"Becton, Dickinson and Company",Healthcare,176.8000030517578,48157990912.0,0.10788864226523447,0.10671191528610446,0.1291605190629136,0.06217668633441648,3,53,0.28102509809137993,0.38391105633615935,13.287179,0.0539,0.023699999,12.0,0.1952127659574468
433,PGR,The Progressive Corporation,Financial Services,210.30999755859375,122063921152.0,0.038565933298085914,0.1033599101029421,-0.02579468314160266,-0.027239217692161387,3,57,0.25460172680269927,0.15147553703739075,12.9524765,-0.103,0.0543,21.0,0.19042553191489361
434,D,"Dominion Energy, Inc.",Utilities,61.310001373291016,53923737600.0,0.13291330386146605,0.17300062614791667,0.12621219890009044,0.014924807816507069,3,47,0.2187717662248456,0.6075432225786513,16.074018,0.064,0.069299996,12.0,0.18882978723404256
435,MAR,"Marriott International, Inc.",Consumer Cyclical,358.9599914550781,93604667392.0,0.1029530920046461,0.060842458950345346,0.1579550082155509,0.11498406436020411,3,53,0.27823293299950236,0.3700248237861556,27.281406,0.121300004,0.061,25.0,0.18776595744680852
436,PNW,Pinnacle West Capital Corporation,Utilities,95.91999816894531,11625238528.0,0.13780520417529663,0.08647093400112293,0.25349899028840894,0.038967270491946926,3,44,0.17240213613430824,0.799324226864224,17.182327,0.19469999,0.0594,14.0,0.17872340425531913
437,CRWD,"CrowdStrike Holdings, Inc.",Technology,270.0400085449219,276503363584.0,0.08202863925362351,-0.125055575012338,0.2844469335994072,0.3,3,54,0.5108642531616734,0.16056836771404298,168.1539,0.2785,0.22600001,50.0,0.17553191489361702
438,ERIE,Erie Indemnity Company,Financial Services,221.08999633789062,11560766464.0,0.041874137666750445,,0.09536786248159956,-0.0829445535678975,2,56,0.3530941154228812,0.11859200093606805,15.78087,,,,0.17500000000000002
439,TECH,Bio-Techne Corporation,Healthcare,72.4000015258789,11353640960.0,0.059153548768471356,-0.026243114445236082,0.17884171203398916,0.06453671186128804,3,55,0.43922754031957967,0.134676319989934,31.307024,0.1469,0.1004,10.0,0.1702127659574468
440,AES,The AES Corporation,Utilities,14.90999984741211,10637370368.0,0.0721949676239059,0.006036227599526933,0.19528725850164522,0.005508755657110731,3,54,0.41338871766151924,0.17464184323244836,6.289812,0.0363,-0.0624,8.0,0.16702127659574467
441,LULU,lululemon athletica inc.,Consumer Cyclical,94.45999908447266,10457668608.0,0.03013749145088985,0.1106405993735109,-0.011774206420253966,-0.14041223992517807,3,56,0.48256325274487977,0.062452934987204375,10.925018,-0.103199996,-0.0116,27.0,0.16542553191489362
442,PFE,Pfizer Inc.,Healthcare,27.799999237060547,158450925568.0,0.051492406602009405,0.040052546528673405,0.07790287855757154,0.028000838950151128,3,55,0.23995672133983192,0.21459039077753,9.596663,-0.026300002,-0.0379,26.0,0.16489361702127658
443,ESS,"Essex Property Trust, Inc.",Real Estate,268.6499938964844,18518820864.0,0.12741064295962395,0.1318444329359023,0.16954924676390415,0.014307934162042256,3,44,0.2265357188356765,0.5624307001760042,42.64529,0.1461,0.033,25.0,0.15531914893617021
444,PG,The Procter & Gamble Company,Consumer Defensive,144.91000366210938,336578478080.0,0.09196536334985335,0.10833411042135999,0.11135983294909475,-0.007850889286732022,3,51,0.19146452137534736,0.48032587285225703,19.584867,0.060300004,0.030299999,23.0,0.14468085106382977
445,MO,"Altria Group, Inc.",Consumer Defensive,67.3499984741211,112457244672.0,0.0654737830587354,0.03934671990968419,0.11996800294217122,0.02541081382755588,3,53,0.22981587688274943,0.2848966918510147,11.485275,0.032899998,0.0088,11.0,0.14414893617021277
446,KHC,The Kraft Heinz Company,Consumer Defensive,22.190000534057617,26313428992.0,0.10902691988194849,0.14791434821755733,0.11277705947532357,-0.029348166954622844,3,48,0.25934820944984305,0.42038817277060814,10.629584,0.0187,0.0023,18.0,0.14042553191489363
447,DLR,"Digital Realty Trust, Inc.",Real Estate,178.5500030517578,67431858176.0,0.08766508778323043,0.2514001466313629,-0.11783049592388227,0.02137125360605181,3,51,0.2771936417864617,0.31625937455940606,64.64332,-0.1333,0.1093,32.0,0.13617021276595745
448,GPC,Genuine Parts Company,Consumer Cyclical,127.23999786376953,17541275648.0,0.0939032537277625,0.09417016926595134,0.1396406172554434,-0.013706979630789084,3,50,0.3316015379874591,0.2831809957748562,15.304416,0.0743,0.0356,9.0,0.13563829787234044
449,MCK,McKesson Corporation,Healthcare,902.280029296875,105197150208.0,0.11569716165686815,0.08542477745316956,0.18487453823984865,0.055191230308908934,3,45,0.2822238573162508,0.40994819770754426,17.89724,0.129,0.070199996,14.0,0.13457446808510637
450,CRL,"Charles River Laboratories International, Inc.",Healthcare,290.19000244140625,13977793536.0,0.11528358763334376,0.05103551960438102,0.16619172574121255,0.21065815881152575,3,45,0.5036303526883822,0.22890516232383373,22.783337,0.1223,0.0224,15.0,0.13244680851063828
451,ES,Eversource Energy,Utilities,64.5,24295522304.0,0.11190400656785268,0.1356589147286822,0.1333243410852713,-0.017259801175555787,3,46,0.24474370526024705,0.457229355291733,13.119168,0.0571,0.0504,12.0,0.13138297872340426
452,VMRK,"AvalonBay Communities, Inc.",Real Estate,59.790000915527344,46264254464.0,0.11791944957939028,0.22833431803690152,0.015289395843581462,-0.010659986562093271,3,42,0.22305277257935022,0.5286616625105651,40.66794,-0.0093,0.4873,19.0,0.13085106382978723
453,RVTY,"Revvity, Inc.",Healthcare,151.52999877929688,16908687360.0,0.00863060223884013,-0.14032428529394292,0.14078708537893214,0.1967817666879023,3,54,0.3809270393755532,0.022656838046960694,25.715479,0.1019,0.0537,15.0,0.12553191489361704
454,AWK,"American Water Works Company, Inc.",Utilities,130.25,25884450816.0,0.08759042156018965,0.08602333973128595,0.12950959692898273,-0.004997381537315237,3,50,0.23220123111761912,0.37721773109730683,19.837494,0.0791,0.0673,11.0,0.12287234042553191
455,MTD,Mettler-Toledo International Inc.,Healthcare,1486.18994140625,29778132992.0,0.04205596214726581,-0.01891618333767564,0.12760851845293106,0.045673815717185116,3,53,0.3320212053463145,0.12666649439875194,28.7286,0.0928,0.0478,13.0,0.12180851063829787
456,CME,CME Group Inc.,Financial Services,263.1400146484375,94619688960.0,0.07638029625004224,0.0768981691309738,0.10474117686462925,0.008478665212900681,3,51,0.2128748779457693,0.3588037113026574,20.349533,0.0556,0.0462,16.0,0.12127659574468086
457,NVR,"NVR, Inc.",Consumer Cyclical,5993.85009765625,16052447232.0,0.08397705966036928,0.07462922746744405,0.16600023833836847,-0.07625091661187806,3,50,0.27251861921057835,0.3081516408076294,15.174452,0.1001,0.0424,6.0,0.12074468085106382
458,TSLA,"Tesla, Inc.",Consumer Cyclical,370.5899963378906,1463662804992.0,0.1087996449563232,0.0674031784693252,0.23943450719492324,-0.05802681197708358,3,45,0.5982902104135193,0.18185095303686205,171.33147,0.2336,0.137,38.0,0.11648936170212766
459,UDR,"UDR, Inc.",Real Estate,33.27000045776367,12222208000.0,0.056391237596710234,0.24593866635571193,-0.18316801946814154,-0.016461925115307984,3,52,0.21568409195578797,0.26145292907494355,59.410713,-0.46321591181404265,0.0272,21.0,0.11648936170212765
460,DOW,Dow Inc.,Basic Materials,27.969999313354492,20203870208.0,0.06487164047535683,0.202180937628607,-0.13862602638033025,0.0820018726277928,3,51,0.44514331779178157,0.14573203254440614,16.293552,-0.2892,-0.0201,16.0,0.1127659574468085
461,MAA,"Mid-America Apartment Communities, Inc.",Real Estate,115.2699966430664,13712956416.0,0.06142440916796584,0.22668520966340577,-0.13225865280257315,-0.03751778121890964,3,51,0.19967086411161053,0.30762830341451963,35.1479,-0.1595,0.024500001,25.0,0.1074468085106383
462,TSCO,Tractor Supply Company,Consumer Cyclical,31.09000015258789,16199137280.0,0.1060941770378216,0.14125055728076497,0.15670795035425422,-0.12919256151033237,3,41,0.30729403117012066,0.34525297036793706,15.179552,0.091000006,0.041300002,27.0,0.09627659574468085
463,IBM,International Business Machines Corporation,Technology,222.63999938964844,209756798976.0,0.075660520423152,0.08062343091789526,0.12705376408571487,-0.0608000831053056,3,48,0.4045590261541093,0.1870197314404512,16.933722,0.068,0.038599998,22.0,0.0925531914893617
464,DIS,The Walt Disney Company,Communication Services,102.19000244140625,176450125824.0,0.07144373354895744,0.23900633109973768,-0.12674889932896133,-0.024648781571832888,3,48,0.28269062662743527,0.25272763515825675,13.651672,,,32.0,0.09042553191489361
465,FRT,Federal Realty Investment Trust,Real Estate,106.69000244140625,9326662656.0,0.06377469835396841,0.23624273110721972,-0.17026928552427362,0.03498388489236208,3,46,0.2033389657669227,0.3136373695687533,33.63525,-0.25620002,0.0476,19.0,0.06968085106382979
466,SWKS,"Skyworks Solutions, Inc.",Technology,85.02999877929688,12794700800.0,-0.06766862372979932,-0.17883651649539178,0.04286351959596061,0.04498268439540247,3,50,0.5025786915474104,-0.13464284273861984,17.133991,-0.0155,0.0229,17.0,0.05797872340425532
467,IFF,International Flavors & Fragrances Inc.,Basic Materials,82.41999816894531,21029459968.0,0.048186562463233176,0.16833441081393108,-0.1519332679946223,0.11464000569590291,3,45,0.3246167017161878,0.14844141477773581,20.80441,,,17.0,0.04734042553191489
468,HPQ,HP Inc.,Technology,32.119998931884766,28965525504.0,-0.003648533528169618,-0.07644112744497822,0.06479521072819866,0.07929137626299976,3,46,0.4153290406839564,-0.008784681952798867,10.235916,-0.032899998,0.0015,17.0,0.03351063829787234
469,ILMN,"Illumina, Inc.",Healthcare,273.0400085449219,41229041664.0,-0.0051554205423621074,-0.2140345982860129,0.1624625102875553,0.3,3,46,0.4599709767572414,-0.011208143128306506,44.717697,0.1401,0.064,20.0,0.032446808510638296
470,ARE,"Alexandria Real Estate Equities, Inc.",Real Estate,47.369998931884766,8152153088.0,-0.05052246959508408,0.10980433154737002,-0.25,-0.1194975691251273,3,41,0.3997814421294289,-0.12637522473773927,-58.48148,-1.5560437146466035,-0.0543,14.0,0.0047872340425531915
